sample_id,description,serotype,genotype,country,year,host,genome_length,is_complete,location,lineage,data_source
KU509268.1,hDenV2/Indonesia/BA-BNITM-671/2009,DENV2,II,,2009,Human,,True,Asia / Indonesia / Bali,2II_F,gisaid
KM204118.1,hDenV2/Indonesia/un-NUSMS-0000009/1975,DENV2,IV,,1975,Human,,True,Asia / Indonesia,2IV,gisaid
AY858035.2,hDenV2/Indonesia/un-NUSMS-0000008/1975,DENV2,II,,1975,Human,,True,Asia / Indonesia,2II,gisaid
KP406804.1,hDenV2/Indonesia/un-NUSMS-0000007/1977,DENV2,I,,1977,Human,,True,Asia / Indonesia,2I,gisaid
LC666719.1,hDenV2/Indonesia/un-NUSMS-0000005/1976,DENV2,II,,1976,Human,,True,Asia / Indonesia,2II_B,gisaid
KR920365.1,hDenV2/Indonesia/un-NUSMS-0000004/1976,DENV2,II,,1976,Human,,True,Asia / Indonesia,2II,gisaid
AY858036.2,hDenV2/Indonesia/un-NIHRD-00002/2004,DENV2,II,,2004,Human,,True,Asia / Indonesia,2II_F,gisaid
MH823208.1,hDenV2/Indonesia/un-EIMB-010/2014,DENV2,II,,2014,Human,,True,Asia / Indonesia,2II_F.1.3,gisaid
LC111438.1,hDenV2/Indonesia/un-Yale-DH069/1984,DENV2,II,,1984,Human,,True,Asia / Indonesia,2II,gisaid
KY627762.1,DenV2/un/Indonesia/un-Yale-DH071/1988,DENV2,II,,1988,unknown,,True,Asia / Indonesia,2II_B,gisaid
OR125606.1,hDenV2/Indonesia/KR-NIHRD-WD019/2023,DENV2,II,,2023,Human,,True,Asia / Indonesia / Riau Islands / Batam,2II_F.1.3,gisaid
MW577849.1,hDenV2/Indonesia/un-BNITM-160/2018,DENV2,III,,2018,Human,,True,Asia / Indonesia,2III_C.2,gisaid
MW512378.1,hDenV2/Indonesia/BA-EHI-007/2022,DENV2,II,,2022,Human,,True,Asia / Indonesia / Bali,2II_F.2.1,gisaid
MW512386.1,hDenV2/Indonesia/SA-BIOKES-WD196/2024,DENV2,II,,2024,Human,,True,Asia / Indonesia / North Sulawesi / Manado,2II_D.2,gisaid
MW512429.1,hDenV2/Indonesia/MA-BIOKES-WD205/2024,DENV2,II,,2024,Human,,True,Asia / Indonesia / Maluku / Ambon,2II_F.2.1,gisaid
OP410996.1,hDenV2/Indonesia/SA-BIOKES-WD186/2024,DENV2,I,,2024,Human,,True,Asia / Indonesia / North Sulawesi / Manado,3I_A.1,gisaid
MW721459.1,hDenV2/Indonesia/SA-BIOKES-WD192/2024,DENV2,II,,2024,Human,,True,Asia / Indonesia / North Sulawesi / Manado,2II_D.2,gisaid
MW512480.1,hDenV2/Indonesia/YO-MU-00028/2019,DENV2,II,,2019,Human,,True,Asia / Indonesia / Yogyakarta / Yogyakarta,2II_D,gisaid
MW512402.1,hDenV2/Indonesia/YO-MU-00324/2019,DENV2,II,,2019,Human,,True,Asia / Indonesia / Yogyakarta / Yogyakarta,2II_F.1,gisaid
MW512431.1,hDenV2/Indonesia/YO-MU-00359/2019,DENV2,II,,2019,Human,,True,Asia / Indonesia / Yogyakarta / Yogyakarta,2II_C,gisaid
MW512467.1,hDenV2/Indonesia/YO-MU-00406/2019,DENV2,II,,2019,Human,,True,Asia / Indonesia / Yogyakarta / Yogyakarta,2II_C,gisaid
MW512481.1,hDenV2/Indonesia/YO-MU-00412/2019,DENV2,II,,2019,Human,,True,Asia / Indonesia / Yogyakarta / Yogyakarta,2II_F.1.1,gisaid
MH827525.1,hDenV2/Indonesia/YO-MU-00437/2019,DENV2,II,,2019,Human,,True,Asia / Indonesia / Yogyakarta / Yogyakarta,2II_F.2.1,gisaid
MW512428.1,hDenV2/Indonesia/YO-MU-00510_578/2019,DENV2,II,,2019,Human,,True,Asia / Indonesia / Yogyakarta / Yogyakarta,2II_F.2.1,gisaid
MW512409.1,hDenV2/Indonesia/YO-MU-00538/2020,DENV2,II,,2020,Human,,True,Asia / Indonesia / Yogyakarta / Yogyakarta,2II_C,gisaid
MH827539.1,hDenV2/Indonesia/YO-MU-00673/2020,DENV2,II,,2020,Human,,True,Asia / Indonesia / Yogyakarta / Yogyakarta,2II_F.2.1,gisaid
MW512451.1,hDenV2/Indonesia/un-INMI-D616/2024,DENV2,II,,2024,Human,,True,Asia / Indonesia,2II_F.1.1,gisaid
KC762680.1,hDenV2/Indonesia/SN-MKSWS80394/2010,DENV2,II,,2010,Human,,True,Asia / Indonesia / South Sulawesi / Makassar,2II_D.2,gisaid
KC762679.1,hDenV2/Indonesia/SN-MKSWS79a393/2010,DENV2,II,,2010,Human,,True,Asia / Indonesia / South Sulawesi / Makassar,2II_D.2,gisaid
KC762678.1,hDenV2/Indonesia/SN-MKSWS73392/2010,DENV2,II,,2010,Human,,True,Asia / Indonesia / South Sulawesi / Makassar,2II_E,gisaid
KC762657.1,hDenV2/Indonesia/SN-MKS371/2008,DENV2,II,,2008,Human,,True,Asia / Indonesia / South Sulawesi / Makassar,2II_E,gisaid
KC762659.1,hDenV2/Indonesia/SN-MKS-2210373/2008,DENV2,II,,2008,Human,,True,Asia / Indonesia / South Sulawesi / Makassar,2II_E,gisaid
KC762667.1,hDenV2/Indonesia/SN-MKS-2204381/2008,DENV2,II,,2008,Human,,True,Asia / Indonesia / South Sulawesi / Makassar,2II_E,gisaid
KC762672.1,hDenV2/Indonesia/SN-MKS-2198386/2008,DENV2,II,,2008,Human,,True,Asia / Indonesia / South Sulawesi / Makassar,2II_D.2,gisaid
KC762664.1,hDenV2/Indonesia/SN-MKS-2145378/2008,DENV2,II,,2008,Human,,True,Asia / Indonesia / South Sulawesi / Makassar,2II_E,gisaid
KC762668.1,hDenV2/Indonesia/SN-MKS-IF014382/2008,DENV2,II,,2008,Human,,True,Asia / Indonesia / South Sulawesi / Makassar,2II_F,gisaid
KC762673.1,hDenV2/Indonesia/SN-MKS-2018387/2008,DENV2,II,,2008,Human,,True,Asia / Indonesia / South Sulawesi / Makassar,2II_D.3,gisaid
KC762674.1,hDenV2/Indonesia/SN-MKS-2167388/2008,DENV2,II,,2008,Human,,True,Asia / Indonesia / South Sulawesi / Makassar,2II_D.3,gisaid
KC762675.1,hDenV2/Indonesia/SN-MKS-2032389/2008,DENV2,II,,2008,Human,,True,Asia / Indonesia / South Sulawesi / Makassar,2II_D.3,gisaid
KC762663.1,hDenV2/Indonesia/SN-MKS-2024377/2008,DENV2,II,,2008,Human,,True,Asia / Indonesia / South Sulawesi / Makassar,2II_E,gisaid
KC762671.1,hDenV2/Indonesia/SN-MKS-2108385/2008,DENV2,II,,2008,Human,,True,Asia / Indonesia / South Sulawesi / Makassar,2II_D.2,gisaid
KC762666.1,hDenV2/Indonesia/SN-MKS3007380/2008,DENV2,II,,2008,Human,,True,Asia / Indonesia / South Sulawesi / Makassar,2II_E,gisaid
KC762677.1,hDenV2/Indonesia/SN-MKS-IF011391/2008,DENV2,II,,2008,Human,,True,Asia / Indonesia / South Sulawesi / Makassar,2II_D.3,gisaid
KC762656.1,hDenV2/Indonesia/SN-MKS-0502370/2007,DENV2,II,,2007,Human,,True,Asia / Indonesia / South Sulawesi / Makassar,2II_E,gisaid
KC762670.1,hDenV2/Indonesia/SN-MKS-0091384/2007,DENV2,II,,2007,Human,,True,Asia / Indonesia / South Sulawesi / Makassar,2II_F,gisaid
KC762660.1,hDenV2/Indonesia/SN-MKS-0084374/2007,DENV2,II,,2007,Human,,True,Asia / Indonesia / South Sulawesi / Makassar,2II_E,gisaid
KC762662.1,hDenV2/Indonesia/SN-MKS-0297376/2007,DENV2,II,,2007,Human,,True,Asia / Indonesia / South Sulawesi / Makassar,2II_E,gisaid
KC762655.1,hDenV2/Indonesia/SN-MKS-0417369/2007,DENV2,II,,2007,Human,,True,Asia / Indonesia / South Sulawesi / Makassar,2II_E,gisaid
KC762661.1,hDenV2/Indonesia/SN-MKS-0412375/2007,DENV2,II,,2007,Human,,True,Asia / Indonesia / South Sulawesi / Makassar,2II_E,gisaid
KC762658.1,hDenV2/Indonesia/SN-MKS-0082372/2007,DENV2,II,,2007,Human,,True,Asia / Indonesia / South Sulawesi / Makassar,2II_E,gisaid
KC762669.1,hDenV2/Indonesia/SN-MKS-0071383/2007,DENV2,II,,2007,Human,,True,Asia / Indonesia / South Sulawesi / Makassar,2II_F,gisaid
KC762676.1,hDenV2/Indonesia/SN-MKS-0099390/2007,DENV2,II,,2007,Human,,True,Asia / Indonesia / South Sulawesi / Makassar,2II_D.3,gisaid
KC762665.1,hDenV2/Indonesia/SN-MKS-0068379/2007,DENV2,II,,2007,Human,,True,Asia / Indonesia / South Sulawesi / Makassar,2II_E,gisaid
KU517846.1,hDenV2/Indonesia/un-FITHC-IDCN701/2014,DENV2,II,,2014,Human,,True,Asia / Indonesia,2II_F.2.1,gisaid
MK411559.1,hDenV2/Indonesia/JA-EIFMB-JMB968/2016,DENV2,II,,2016,Human,,True,Asia / Indonesia / Jambi,2II_F.1.3,gisaid
MK411558.1,hDenV2/Indonesia/JA-EIFMB-JMB967/2016,DENV2,II,,2016,Human,,True,Asia / Indonesia / Jambi,2II_F.1.3,gisaid
PX480447.1,"Dengue virus type 4 isolate D20-0259, complete genome",DENV-4,,,7-28,Homo sapiens,10649.0,True,,,legacy
PX480446.1,"Dengue virus type 4 isolate D20-0040, complete genome",DENV-4,,,0-31,Homo sapiens,10649.0,True,,,legacy
PX480445.1,"Dengue virus type 4 isolate D19-2229, complete genome",DENV-4,,,8-29,Homo sapiens,10649.0,True,,,legacy
PX480444.1,"Dengue virus type 4 isolate D19-1649, complete genome",DENV-4,,,7-02,Homo sapiens,10649.0,True,,,legacy
PX480443.1,"Dengue virus type 4 isolate D19-1286, complete genome",DENV-4,,,5-17,Homo sapiens,10649.0,True,,,legacy
PX480442.1,"Dengue virus type 4 isolate D18-2040, complete genome",DENV-4,,,9-06,Homo sapiens,10649.0,True,,,legacy
PX480441.1,"Dengue virus type 4 isolate D18-0170, complete genome",DENV-4,,,1-22,Homo sapiens,10649.0,True,,,legacy
PX480440.1,"Dengue virus type 4 isolate D17-1913, complete genome",DENV-4,,,6-07,Homo sapiens,10649.0,True,,,legacy
PX480439.1,"Dengue virus type 4 isolate D17-1206, complete genome",DENV-4,,,5-07,Homo sapiens,10649.0,True,,,legacy
PX480438.1,"Dengue virus type 4 isolate D17-0712, complete genome",DENV-4,,,2-17,Homo sapiens,10649.0,True,,,legacy
PX480437.1,"Dengue virus type 4 isolate D17-0537, complete genome",DENV-4,,,2-06,Homo sapiens,10649.0,True,,,legacy
PX480436.1,"Dengue virus type 3 isolate D21-0005, complete genome",DENV-3,,,1-18,Homo sapiens,10707.0,True,,,legacy
PX480435.1,"Dengue virus type 3 isolate D20-0183, complete genome",DENV-3,,,3-01,Homo sapiens,10707.0,True,,,legacy
PX480434.1,"Dengue virus type 3 isolate D20-0128, complete genome",DENV-3,,,1-22,Homo sapiens,10707.0,True,,,legacy
PX480433.1,"Dengue virus type 3 isolate D20-0127, complete genome",DENV-3,,,1-18,Homo sapiens,10707.0,True,,,legacy
PX480432.1,"Dengue virus type 3 isolate D19-2479, complete genome",DENV-3,,,0-23,Homo sapiens,10707.0,True,,,legacy
PX480431.1,"Dengue virus type 3 isolate D19-2240, complete genome",DENV-3,,,9-08,Homo sapiens,10707.0,True,,,legacy
PX480430.1,"Dengue virus type 3 isolate D19-2221, complete genome",DENV-3,,,9-11,Homo sapiens,10707.0,True,,,legacy
PX480429.1,"Dengue virus type 3 isolate D19-2204, complete genome",DENV-3,,,8-22,Homo sapiens,10707.0,True,,,legacy
PX480428.1,"Dengue virus type 3 isolate D19-2179, complete genome",DENV-3,,,8-10,Homo sapiens,10707.0,True,,,legacy
PX480427.1,"Dengue virus type 3 isolate D19-2149, complete genome",DENV-3,,,9-01,Homo sapiens,10707.0,True,,,legacy
PX480426.1,"Dengue virus type 3 isolate D19-2136, complete genome",DENV-3,,,9-02,Homo sapiens,10707.0,True,,,legacy
PX480425.1,"Dengue virus type 3 isolate D19-2134, complete genome",DENV-3,,,9-04,Homo sapiens,10707.0,True,,,legacy
PX480424.1,"Dengue virus type 3 isolate D19-2115, complete genome",DENV-3,,,8-06,Homo sapiens,10707.0,True,,,legacy
PX480423.1,"Dengue virus type 3 isolate D19-2082, complete genome",DENV-3,,,8-20,Homo sapiens,10707.0,True,,,legacy
PX480422.1,"Dengue virus type 3 isolate D19-2055, complete genome",DENV-3,,,8-18,Homo sapiens,10707.0,True,,,legacy
PX480421.1,"Dengue virus type 3 isolate D19-2053, complete genome",DENV-3,,,8-14,Homo sapiens,10707.0,True,,,legacy
PX480420.1,"Dengue virus type 3 isolate D19-2042, complete genome",DENV-3,,,8-17,Homo sapiens,10707.0,True,,,legacy
PX480419.1,"Dengue virus type 3 isolate D19-2037, complete genome",DENV-3,,,8-05,Homo sapiens,10707.0,True,,,legacy
PX480418.1,"Dengue virus type 3 isolate D19-2035, complete genome",DENV-3,,,8-01,Homo sapiens,10707.0,True,,,legacy
PX480417.1,"Dengue virus type 3 isolate D19-1990, complete genome",DENV-3,,,8-04,Homo sapiens,10707.0,True,,,legacy
PX480416.1,"Dengue virus type 3 isolate D19-1983, complete genome",DENV-3,,,8-04,Homo sapiens,10707.0,True,,,legacy
PX480415.1,"Dengue virus type 3 isolate D19-1974, complete genome",DENV-3,,,7-30,Homo sapiens,10707.0,True,,,legacy
PX480414.1,"Dengue virus type 3 isolate D19-1964, complete genome",DENV-3,,,7-29,Homo sapiens,10707.0,True,,,legacy
PX480413.1,"Dengue virus type 3 isolate D19-1963, complete genome",DENV-3,,,7-28,Homo sapiens,10707.0,True,,,legacy
PX480412.1,"Dengue virus type 3 isolate D19-1951, complete genome",DENV-3,,,7-11,Homo sapiens,10707.0,True,,,legacy
PX480411.1,"Dengue virus type 3 isolate D19-1950, complete genome",DENV-3,,,7-09,Homo sapiens,10707.0,True,,,legacy
PX480410.1,"Dengue virus type 3 isolate D19-1898, complete genome",DENV-3,,,7-14,Homo sapiens,10707.0,True,,,legacy
PX480409.1,"Dengue virus type 3 isolate D19-1897, complete genome",DENV-3,,,7-08,Homo sapiens,10707.0,True,,,legacy
PX480408.1,"Dengue virus type 3 isolate D19-1896, complete genome",DENV-3,,,7-08,Homo sapiens,10707.0,True,,,legacy
PX480407.1,"Dengue virus type 3 isolate D19-1871, complete genome",DENV-3,,,7-10,Homo sapiens,10707.0,True,,,legacy
PX480406.1,"Dengue virus type 3 isolate D19-1861, complete genome",DENV-3,,,7-03,Homo sapiens,10707.0,True,,,legacy
PX480405.1,"Dengue virus type 3 isolate D19-1831, complete genome",DENV-3,,,7-02,Homo sapiens,10707.0,True,,,legacy
PX480404.1,"Dengue virus type 3 isolate D19-1530, complete genome",DENV-3,,,6-18,Homo sapiens,10707.0,True,,,legacy
PX480403.1,"Dengue virus type 3 isolate D19-1287, complete genome",DENV-3,,,5-24,Homo sapiens,10707.0,True,,,legacy
PX480402.1,"Dengue virus type 3 isolate D19-1103, complete genome",DENV-3,,,4-17,Homo sapiens,10707.0,True,,,legacy
PX480401.1,"Dengue virus type 3 isolate D19-1094, complete genome",DENV-3,,,4-26,Homo sapiens,10707.0,True,,,legacy
PX480400.1,"Dengue virus type 3 isolate D19-0559, complete genome",DENV-3,,,1-29,Homo sapiens,10707.0,True,,,legacy
PX480399.1,"Dengue virus type 3 isolate D19-0558, complete genome",DENV-3,,,1-29,Homo sapiens,10707.0,True,,,legacy
PX480398.1,"Dengue virus type 3 isolate D19-0447, complete genome",DENV-3,,,1-29,Homo sapiens,10707.0,True,,,legacy
PX480397.1,"Dengue virus type 3 isolate D19-0337, complete genome",DENV-3,,,1-16,Homo sapiens,10707.0,True,,,legacy
PX480396.1,"Dengue virus type 3 isolate D19-0332, complete genome",DENV-3,,,2-18,Homo sapiens,10707.0,True,,,legacy
PX480395.1,"Dengue virus type 3 isolate D19-0142, complete genome",DENV-3,,,1-04,Homo sapiens,10707.0,True,,,legacy
PX480394.1,"Dengue virus type 3 isolate D19-0141, complete genome",DENV-3,,,1-04,Homo sapiens,10707.0,True,,,legacy
PX480393.1,"Dengue virus type 3 isolate D19-0140, complete genome",DENV-3,,,1-03,Homo sapiens,10707.0,True,,,legacy
PX480392.1,"Dengue virus type 3 isolate D19-0113, complete genome",DENV-3,,,1-08,Homo sapiens,10707.0,True,,,legacy
PX480391.1,"Dengue virus type 3 isolate D19-0021, complete genome",DENV-3,,,2-18,Homo sapiens,10707.0,True,,,legacy
PX480390.1,"Dengue virus type 3 isolate D18-3368, complete genome",DENV-3,,,1-22,Homo sapiens,10707.0,True,,,legacy
PX480389.1,"Dengue virus type 3 isolate D18-3322, complete genome",DENV-3,,,2-14,Homo sapiens,10707.0,True,,,legacy
PX480388.1,"Dengue virus type 3 isolate D18-3282, complete genome",DENV-3,,,1-21,Homo sapiens,10707.0,True,,,legacy
PX480387.1,"Dengue virus type 3 isolate D18-3077, complete genome",DENV-3,,,1-15,Homo sapiens,10707.0,True,,,legacy
PX480386.1,"Dengue virus type 3 isolate D18-3076, complete genome",DENV-3,,,1-11,Homo sapiens,10707.0,True,,,legacy
PX480385.1,"Dengue virus type 3 isolate D18-2954, complete genome",DENV-3,,,1-08,Homo sapiens,10707.0,True,,,legacy
PX480384.1,"Dengue virus type 3 isolate D18-2897, complete genome",DENV-3,,,1-05,Homo sapiens,10707.0,True,,,legacy
PX480383.1,"Dengue virus type 3 isolate D18-2883, complete genome",DENV-3,,,0-22,Homo sapiens,10707.0,True,,,legacy
PX480382.1,"Dengue virus type 3 isolate D18-2841, complete genome",DENV-3,,,0-21,Homo sapiens,10707.0,True,,,legacy
PX480381.1,"Dengue virus type 3 isolate D18-2787, complete genome",DENV-3,,,0-15,Homo sapiens,10707.0,True,,,legacy
PX480380.1,"Dengue virus type 3 isolate D18-2582, complete genome",DENV-3,,,9-22,Homo sapiens,10707.0,True,,,legacy
PX480379.1,"Dengue virus type 3 isolate D18-2531, complete genome",DENV-3,,,9-17,Homo sapiens,10707.0,True,,,legacy
PX480378.1,"Dengue virus type 3 isolate D18-2384, complete genome",DENV-3,,,9-10,Homo sapiens,10707.0,True,,,legacy
PX480377.1,"Dengue virus type 3 isolate D18-2300, complete genome",DENV-3,,,9-18,Homo sapiens,10707.0,True,,,legacy
PX480376.1,"Dengue virus type 3 isolate D18-2291, complete genome",DENV-3,,,9-18,Homo sapiens,10707.0,True,,,legacy
PX480375.1,"Dengue virus type 3 isolate D18-2287, complete genome",DENV-3,,,9-16,Homo sapiens,10707.0,True,,,legacy
PX480374.1,"Dengue virus type 3 isolate D18-2001, complete genome",DENV-3,,,8-28,Homo sapiens,10707.0,True,,,legacy
PX480373.1,"Dengue virus type 3 isolate D18-1999, complete genome",DENV-3,,,8-28,Homo sapiens,10707.0,True,,,legacy
PX480372.1,"Dengue virus type 3 isolate D18-1993, complete genome",DENV-3,,,8-28,Homo sapiens,10707.0,True,,,legacy
PX480371.1,"Dengue virus type 3 isolate D18-1991, complete genome",DENV-3,,,8-28,Homo sapiens,10707.0,True,,,legacy
PX480370.1,"Dengue virus type 3 isolate D18-1986, complete genome",DENV-3,,,9-01,Homo sapiens,10707.0,True,,,legacy
PX480369.1,"Dengue virus type 3 isolate D18-1932, complete genome",DENV-3,,,7-08,Homo sapiens,10707.0,True,,,legacy
PX480368.1,"Dengue virus type 3 isolate D18-1697, complete genome",DENV-3,,,8-19,Homo sapiens,10707.0,True,,,legacy
PX480367.1,"Dengue virus type 3 isolate D18-1684, complete genome",DENV-3,,,8-22,Homo sapiens,10707.0,True,,,legacy
PX480366.1,"Dengue virus type 3 isolate D18-1658, complete genome",DENV-3,,,6-25,Homo sapiens,10707.0,True,,,legacy
PX480365.1,"Dengue virus type 3 isolate D18-1380, complete genome",DENV-3,,,8-08,Homo sapiens,10707.0,True,,,legacy
PX480364.1,"Dengue virus type 3 isolate D18-1361, complete genome",DENV-3,,,8-04,Homo sapiens,10707.0,True,,,legacy
PX480363.1,"Dengue virus type 3 isolate D18-1342, complete genome",DENV-3,,,7-12,Homo sapiens,10707.0,True,,,legacy
PX480362.1,"Dengue virus type 3 isolate D18-1315, complete genome",DENV-3,,,7-30,Homo sapiens,10707.0,True,,,legacy
PX480361.1,"Dengue virus type 3 isolate D18-1202, complete genome",DENV-3,,,7-19,Homo sapiens,10707.0,True,,,legacy
PX480360.1,"Dengue virus type 3 isolate D18-0989, complete genome",DENV-3,,,6-17,Homo sapiens,10707.0,True,,,legacy
PX480359.1,"Dengue virus type 3 isolate D18-0978, complete genome",DENV-3,,,6-22,Homo sapiens,10707.0,True,,,legacy
PX480358.1,"Dengue virus type 3 isolate D18-0822, complete genome",DENV-3,,,6-08,Homo sapiens,10707.0,True,,,legacy
PX480357.1,"Dengue virus type 3 isolate D18-0775, complete genome",DENV-3,,,5-14,Homo sapiens,10707.0,True,,,legacy
PX480356.1,"Dengue virus type 3 isolate D18-0515, complete genome",DENV-3,,,5-22,Homo sapiens,10707.0,True,,,legacy
PX480355.1,"Dengue virus type 3 isolate D18-0457, complete genome",DENV-3,,,4-24,Homo sapiens,10707.0,True,,,legacy
PX480354.1,"Dengue virus type 3 isolate D18-0403, complete genome",DENV-3,,,4-01,Homo sapiens,10707.0,True,,,legacy
PX480353.1,"Dengue virus type 3 isolate D18-0361, complete genome",DENV-3,,,3-15,Homo sapiens,10707.0,True,,,legacy
PX480352.1,"Dengue virus type 3 isolate D18-0200, complete genome",DENV-3,,,1-22,Homo sapiens,10707.0,True,,,legacy
PX480351.1,"Dengue virus type 3 isolate D18-0169, complete genome",DENV-3,,,1-16,Homo sapiens,10707.0,True,,,legacy
PX480350.1,"Dengue virus type 3 isolate D18-0064, complete genome",DENV-3,,,1-02,Homo sapiens,10707.0,True,,,legacy
PX480349.1,"Dengue virus type 3 isolate D18-0052, complete genome",DENV-3,,,1-02,Homo sapiens,10707.0,True,,,legacy
PX480348.1,"Dengue virus type 3 isolate D18-0030, complete genome",DENV-3,,,2-28,Homo sapiens,10707.0,True,,,legacy
PX480347.1,"Dengue virus type 3 isolate D17-3024, complete genome",DENV-3,,,0-02,Homo sapiens,10707.0,True,,,legacy
PX480346.1,"Dengue virus type 3 isolate D17-2265, complete genome",DENV-3,,,8-18,Homo sapiens,10707.0,True,,,legacy
PX480345.1,"Dengue virus type 3 isolate D17-2232, complete genome",DENV-3,,,8-17,Homo sapiens,10707.0,True,,,legacy
PX480344.1,"Dengue virus type 3 isolate D17-1911, complete genome",DENV-3,,,6-23,Homo sapiens,10707.0,True,,,legacy
PX480343.1,"Dengue virus type 3 isolate D17-1829, complete genome",DENV-3,,,7-26,Homo sapiens,10707.0,True,,,legacy
PX480342.1,"Dengue virus type 3 isolate D17-1799, complete genome",DENV-3,,,7-28,Homo sapiens,10707.0,True,,,legacy
PX480341.1,"Dengue virus type 3 isolate D17-1790, complete genome",DENV-3,,,7-24,Homo sapiens,10707.0,True,,,legacy
PX480340.1,"Dengue virus type 3 isolate D17-1642, complete genome",DENV-3,,,7-19,Homo sapiens,10707.0,True,,,legacy
PX480339.1,"Dengue virus type 3 isolate D17-1464, complete genome",DENV-3,,,7-01,Homo sapiens,10707.0,True,,,legacy
PX480338.1,"Dengue virus type 3 isolate D17-1165, complete genome",DENV-3,,,5-13,Homo sapiens,10707.0,True,,,legacy
PX480337.1,"Dengue virus type 3 isolate D17-0764, complete genome",DENV-3,,,3-01,Homo sapiens,10707.0,True,,,legacy
PX480336.1,"Dengue virus type 3 isolate D17-0554, complete genome",DENV-3,,,2-08,Homo sapiens,10707.0,True,,,legacy
PX480335.1,"Dengue virus type 3 isolate D17-0445, complete genome",DENV-3,,,1-28,Homo sapiens,10707.0,True,,,legacy
PX480334.1,"Dengue virus type 3 isolate D17-0442, complete genome",DENV-3,,,1-23,Homo sapiens,10707.0,True,,,legacy
PX480333.1,"Dengue virus type 3 isolate D17-0131, complete genome",DENV-3,,,1-03,Homo sapiens,10707.0,True,,,legacy
PX480332.1,"Dengue virus type 3 isolate D17-0125, complete genome",DENV-3,,,1-12,Homo sapiens,10707.0,True,,,legacy
PX480331.1,"Dengue virus type 2 isolate D21-0290, complete genome",DENV-2,,,7-17,Homo sapiens,10723.0,True,,,legacy
PX480330.1,"Dengue virus type 2 isolate D19-2681, complete genome",DENV-2,,,2-01,Homo sapiens,10723.0,True,,,legacy
PX480329.1,"Dengue virus type 2 isolate D19-2668, complete genome",DENV-2,,,1-22,Homo sapiens,10723.0,True,,,legacy
PX480328.1,"Dengue virus type 2 isolate D19-2620, complete genome",DENV-2,,,1-17,Homo sapiens,10723.0,True,,,legacy
PX480327.1,"Dengue virus type 2 isolate D19-2610, complete genome",DENV-2,,,1-18,Homo sapiens,10723.0,True,,,legacy
PX480326.1,"Dengue virus type 2 isolate D19-2563, complete genome",DENV-2,,,0-17,Homo sapiens,10723.0,True,,,legacy
PX480325.1,"Dengue virus type 2 isolate D19-2535, complete genome",DENV-2,,,1-03,Homo sapiens,10723.0,True,,,legacy
PX480324.1,"Dengue virus type 2 isolate D19-2446, complete genome",DENV-2,,,0-06,Homo sapiens,10723.0,True,,,legacy
PX480323.1,"Dengue virus type 2 isolate D19-2445, complete genome",DENV-2,,,0-02,Homo sapiens,10723.0,True,,,legacy
PX480322.1,"Dengue virus type 2 isolate D19-2324, complete genome",DENV-2,,,9-22,Homo sapiens,10723.0,True,,,legacy
PX480321.1,"Dengue virus type 2 isolate D19-2249, complete genome",DENV-2,,,8-28,Homo sapiens,10723.0,True,,,legacy
PX480320.1,"Dengue virus type 2 isolate D19-2061, complete genome",DENV-2,,,8-15,Homo sapiens,10723.0,True,,,legacy
PX480319.1,"Dengue virus type 2 isolate D19-2044, complete genome",DENV-2,,,8-18,Homo sapiens,10723.0,True,,,legacy
PX480318.1,"Dengue virus type 2 isolate D19-1820, complete genome",DENV-2,,,7-04,Homo sapiens,10723.0,True,,,legacy
PX480317.1,"Dengue virus type 2 isolate D19-1678, complete genome",DENV-2,,,7-05,Homo sapiens,10723.0,True,,,legacy
PX480316.1,"Dengue virus type 2 isolate D19-1576, complete genome",DENV-2,,,6-22,Homo sapiens,10723.0,True,,,legacy
PX480315.1,"Dengue virus type 2 isolate D19-1559, complete genome",DENV-2,,,7-03,Homo sapiens,10723.0,True,,,legacy
PX480314.1,"Dengue virus type 2 isolate D19-1472, complete genome",DENV-2,,,6-07,Homo sapiens,10723.0,True,,,legacy
PX480313.1,"Dengue virus type 2 isolate D19-1325, complete genome",DENV-2,,,5-30,Homo sapiens,10723.0,True,,,legacy
PX480312.1,"Dengue virus type 2 isolate D18-3349, complete genome",DENV-2,,,2-05,Homo sapiens,10723.0,True,,,legacy
PX480311.1,"Dengue virus type 2 isolate D18-3201, complete genome",DENV-2,,,1-22,Homo sapiens,10723.0,True,,,legacy
PX480310.1,"Dengue virus type 2 isolate D18-2646, complete genome",DENV-2,,,9-29,Homo sapiens,10723.0,True,,,legacy
PX480309.1,"Dengue virus type 2 isolate D18-2292, complete genome",DENV-2,,,9-18,Homo sapiens,10723.0,True,,,legacy
PX480308.1,"Dengue virus type 2 isolate D18-1974, complete genome",DENV-2,,,8-27,Homo sapiens,10723.0,True,,,legacy
PX480307.1,"Dengue virus type 2 isolate D18-1693, complete genome",DENV-2,,,8-19,Homo sapiens,10723.0,True,,,legacy
PX480306.1,"Dengue virus type 2 isolate D18-1676, complete genome",DENV-2,,,8-21,Homo sapiens,10723.0,True,,,legacy
PX480305.1,"Dengue virus type 2 isolate D18-1556, complete genome",DENV-2,,,8-13,Homo sapiens,10723.0,True,,,legacy
PX480304.1,"Dengue virus type 2 isolate D18-1377, complete genome",DENV-2,,,8-08,Homo sapiens,10723.0,True,,,legacy
PX480303.1,"Dengue virus type 2 isolate D18-1165, complete genome",DENV-2,,,7-18,Homo sapiens,10723.0,True,,,legacy
PX480302.1,"Dengue virus type 2 isolate D18-1111, complete genome",DENV-2,,,7-24,Homo sapiens,10723.0,True,,,legacy
PX480301.1,"Dengue virus type 2 isolate D18-0217, complete genome",DENV-2,,,2-02,Homo sapiens,10723.0,True,,,legacy
PX480300.1,"Dengue virus type 1 isolate D21-0506, complete genome",DENV-1,,,2-05,Homo sapiens,10735.0,True,,,legacy
PX480299.1,"Dengue virus type 1 isolate D21-0358, complete genome",DENV-1,,,2-09,Homo sapiens,10735.0,True,,,legacy
PX480298.1,"Dengue virus type 1 isolate D20-0130, complete genome",DENV-1,,,2-05,Homo sapiens,10735.0,True,,,legacy
PX480297.1,"Dengue virus type 1 isolate D20-0106, complete genome",DENV-1,,,2-04,Homo sapiens,10735.0,True,,,legacy
PX480296.1,"Dengue virus type 1 isolate D19-2830, complete genome",DENV-1,,,8-09,Homo sapiens,10735.0,True,,,legacy
PX480295.1,"Dengue virus type 1 isolate D19-2715, complete genome",DENV-1,,,2-14,Homo sapiens,10735.0,True,,,legacy
PX480294.1,"Dengue virus type 1 isolate D19-2607, complete genome",DENV-1,,,1-19,Homo sapiens,10735.0,True,,,legacy
PX480293.1,"Dengue virus type 1 isolate D19-2489, complete genome",DENV-1,,,0-21,Homo sapiens,10735.0,True,,,legacy
PX480292.1,"Dengue virus type 1 isolate D19-2407, complete genome",DENV-1,,,0-08,Homo sapiens,10735.0,True,,,legacy
PX480291.1,"Dengue virus type 1 isolate D19-2373, complete genome",DENV-1,,,0-01,Homo sapiens,10735.0,True,,,legacy
PX480290.1,"Dengue virus type 1 isolate D19-2251, complete genome",DENV-1,,,9-14,Homo sapiens,10735.0,True,,,legacy
PX480289.1,"Dengue virus type 1 isolate D19-2205, complete genome",DENV-1,,,8-23,Homo sapiens,10735.0,True,,,legacy
PX480288.1,"Dengue virus type 1 isolate D19-2202, complete genome",DENV-1,,,9-08,Homo sapiens,10735.0,True,,,legacy
PX480287.1,"Dengue virus type 1 isolate D19-2197, complete genome",DENV-1,,,9-10,Homo sapiens,10735.0,True,,,legacy
PX480286.1,"Dengue virus type 1 isolate D19-2147, complete genome",DENV-1,,,9-02,Homo sapiens,10735.0,True,,,legacy
PX480285.1,"Dengue virus type 1 isolate D19-2141, complete genome",DENV-1,,,8-28,Homo sapiens,10735.0,True,,,legacy
PX480284.1,"Dengue virus type 1 isolate D19-2088, complete genome",DENV-1,,,8-10,Homo sapiens,10735.0,True,,,legacy
PX480283.1,"Dengue virus type 1 isolate D19-2056, complete genome",DENV-1,,,8-19,Homo sapiens,10735.0,True,,,legacy
PX480282.1,"Dengue virus type 1 isolate D19-2051, complete genome",DENV-1,,,8-13,Homo sapiens,10735.0,True,,,legacy
PX480281.1,"Dengue virus type 1 isolate D19-1995, complete genome",DENV-1,,,8-01,Homo sapiens,10735.0,True,,,legacy
PX480280.1,"Dengue virus type 1 isolate D19-1946, complete genome",DENV-1,,,7-24,Homo sapiens,10735.0,True,,,legacy
PX480279.1,"Dengue virus type 1 isolate D19-1894, complete genome",DENV-1,,,7-15,Homo sapiens,10735.0,True,,,legacy
PX480278.1,"Dengue virus type 1 isolate D19-1893, complete genome",DENV-1,,,7-14,Homo sapiens,10735.0,True,,,legacy
PX480277.1,"Dengue virus type 1 isolate D19-1865, complete genome",DENV-1,,,7-09,Homo sapiens,10735.0,True,,,legacy
PX480276.1,"Dengue virus type 1 isolate D19-1581, complete genome",DENV-1,,,6-24,Homo sapiens,10735.0,True,,,legacy
PX480275.1,"Dengue virus type 1 isolate D19-1320, complete genome",DENV-1,,,5-29,Homo sapiens,10735.0,True,,,legacy
PX480274.1,"Dengue virus type 1 isolate D19-1288, complete genome",DENV-1,,,5-27,Homo sapiens,10735.0,True,,,legacy
PX480273.1,"Dengue virus type 1 isolate D19-1283, complete genome",DENV-1,,,5-17,Homo sapiens,10735.0,True,,,legacy
PX480272.1,"Dengue virus type 1 isolate D19-1191, complete genome",DENV-1,,,8-02,Homo sapiens,10735.0,True,,,legacy
PX480271.1,"Dengue virus type 1 isolate D19-1187, complete genome",DENV-1,,,5-04,Homo sapiens,10735.0,True,,,legacy
PX480270.1,"Dengue virus type 1 isolate D18-3207, complete genome",DENV-1,,,1-19,Homo sapiens,10735.0,True,,,legacy
PX480269.1,"Dengue virus type 1 isolate D18-3093, complete genome",DENV-1,,,1-14,Homo sapiens,10735.0,True,,,legacy
PX480268.1,"Dengue virus type 1 isolate D18-2935, complete genome",DENV-1,,,1-02,Homo sapiens,10735.0,True,,,legacy
PX480267.1,"Dengue virus type 1 isolate D18-2893, complete genome",DENV-1,,,0-28,Homo sapiens,10735.0,True,,,legacy
PX480266.1,"Dengue virus type 1 isolate D18-2811, complete genome",DENV-1,,,0-20,Homo sapiens,10735.0,True,,,legacy
PX480265.1,"Dengue virus type 1 isolate D18-2277, complete genome",DENV-1,,,9-12,Homo sapiens,10735.0,True,,,legacy
PX480264.1,"Dengue virus type 1 isolate D18-2238, complete genome",DENV-1,,,9-09,Homo sapiens,10735.0,True,,,legacy
PX480263.1,"Dengue virus type 1 isolate D18-2054, complete genome",DENV-1,,,9-06,Homo sapiens,10735.0,True,,,legacy
PX480262.1,"Dengue virus type 1 isolate D18-2011, complete genome",DENV-1,,,7-20,Homo sapiens,10735.0,True,,,legacy
PX480261.1,"Dengue virus type 1 isolate D18-2000, complete genome",DENV-1,,,8-29,Homo sapiens,10735.0,True,,,legacy
PX480260.1,"Dengue virus type 1 isolate D18-1980, complete genome",DENV-1,,,8-28,Homo sapiens,10735.0,True,,,legacy
PX480259.1,"Dengue virus type 1 isolate D18-1602, complete genome",DENV-1,,,8-15,Homo sapiens,10735.0,True,,,legacy
PX480258.1,"Dengue virus type 1 isolate D18-1530, complete genome",DENV-1,,,8-12,Homo sapiens,10735.0,True,,,legacy
PX480257.1,"Dengue virus type 1 isolate D18-1451, complete genome",DENV-1,,,8-08,Homo sapiens,10735.0,True,,,legacy
PX480256.1,"Dengue virus type 1 isolate D18-1424, complete genome",DENV-1,,,8-09,Homo sapiens,10735.0,True,,,legacy
PX480255.1,"Dengue virus type 1 isolate D18-1391, complete genome",DENV-1,,,8-01,Homo sapiens,10735.0,True,,,legacy
PX480254.1,"Dengue virus type 1 isolate D18-1378, complete genome",DENV-1,,,8-08,Homo sapiens,10735.0,True,,,legacy
PX480253.1,"Dengue virus type 1 isolate D18-1350, complete genome",DENV-1,,,8-03,Homo sapiens,10735.0,True,,,legacy
PX480252.1,"Dengue virus type 1 isolate D18-1208, complete genome",DENV-1,,,7-29,Homo sapiens,10735.0,True,,,legacy
PX480251.1,"Dengue virus type 1 isolate D18-1197, complete genome",DENV-1,,,7-22,Homo sapiens,10735.0,True,,,legacy
PX480250.1,"Dengue virus type 1 isolate D18-1115, complete genome",DENV-1,,,7-24,Homo sapiens,10735.0,True,,,legacy
PX480249.1,"Dengue virus type 1 isolate D18-1004, complete genome",DENV-1,,,7-16,Homo sapiens,10735.0,True,,,legacy
PX480248.1,"Dengue virus type 1 isolate D18-0450, complete genome",DENV-1,,,4-26,Homo sapiens,10735.0,True,,,legacy
PX480247.1,"Dengue virus type 1 isolate D18-0192, complete genome",DENV-1,,,1-14,Homo sapiens,10735.0,True,,,legacy
PX480246.1,"Dengue virus type 1 isolate D17-4002, complete genome",DENV-1,,,2-07,Homo sapiens,10735.0,True,,,legacy
PX480245.1,"Dengue virus type 1 isolate D17-1428, complete genome",DENV-1,,,6-13,Homo sapiens,10735.0,True,,,legacy
PX492105.1,"Dengue virus type 2 isolate Dengue virus type 2 S-16803 Thailand 1974, complete genome",DENV-2,,,1974,Homo sapiens,10723.0,True,,,legacy
PX468539.1,"Dengue virus type 2 isolate THSTI-TRC-DENV2-20, complete genome",DENV-2,,,2015,Homo sapiens,10723.0,True,,,legacy
PX468538.1,"Dengue virus type 2 isolate THSTI-TRC-DENV2-19, complete genome",DENV-2,,,2012,Homo sapiens,10723.0,True,,,legacy
PX468537.1,"Dengue virus type 2 isolate THSTI-TRC-DENV2-18, complete genome",DENV-2,,,2012,Homo sapiens,10723.0,True,,,legacy
PX461619.1,"Dengue virus type 1 isolate WB506, complete genome",DENV-1,,,2022,Homo sapiens,10727.0,True,,,legacy
PX461615.1,"Dengue virus type 1 isolate WB419, complete genome",DENV-1,,,2022,Homo sapiens,10737.0,True,,,legacy
PX368925.1,"Dengue virus type 4 isolate Bali -2019, complete genome",DENV-4,,,2019,Homo sapiens,10653.0,True,,,legacy
PX297389.1,"Dengue virus type 3 isolate DENV3/Malaysia/1990/Yale-DH120/P2, complete genome",DENV-3,,,1990,Homo sapiens,10707.0,True,,,legacy
PX297388.1,"Dengue virus type 4 isolate DENV4/Indonesia/1985/Yale-DH119/P2, complete genome",DENV-4,,,1985,,10649.0,True,,,legacy
PX297385.1,"Dengue virus type 3 isolate DENV3/Thailand/1989/Yale-DH110/P2, complete genome",DENV-3,,,1989,Homo sapiens,10709.0,True,,,legacy
PX297368.1,"Dengue virus type 1 isolate DENV1/Hawaii_USA/1944/Yale-DH048/P2, complete genome",DENV-1,,,1944,Homo sapiens,10736.0,True,,,legacy
PX297367.1,"Dengue virus type 1 isolate DENV1/Thailand/1963/Yale-DH040/P2, complete genome",DENV-1,,,1963,Homo sapiens,10735.0,True,,,legacy
PX297365.1,"Dengue virus type 1 isolate DENV1/Indonesia/1985/Yale-DH026/P2, complete genome",DENV-1,,,1985,,10734.0,True,,,legacy
PX297362.1,"Dengue virus type 1 isolate DENV1/India/1982/Yale-DH019/P2, complete genome",DENV-1,,,1982,Homo sapiens,10734.0,True,,,legacy
PX297359.1,"Dengue virus type 1 isolate DENV1/Bahamas/1977/Yale-DH006/P2, complete genome",DENV-1,,,1977,Homo sapiens,10735.0,True,,,legacy
PX282481.1,"Dengue virus type 3 isolate DENV3/India/2015/Yale-DH168/P2, complete genome",DENV-3,,,2015,Homo sapiens,10707.0,True,,,legacy
PX282480.1,"Dengue virus type 3 isolate DENV3/Sri_Lanka/2004/Yale-DH167/P2, complete genome",DENV-3,,,2004,Homo sapiens,10707.0,True,,,legacy
PX282478.1,"Dengue virus type 3 isolate DENV3/Nicaragua/2009/Yale-DH164/P2, complete genome",DENV-3,,,2009,Homo sapiens,10695.0,True,,,legacy
PX282477.1,"Dengue virus type 3 isolate DENV3/Saint_Kitts_Nev/2008/Yale-DH162/P2, complete genome",DENV-3,,,2008,Homo sapiens,10706.0,True,,,legacy
PX282469.1,"Dengue virus type 1 isolate DENV1/Sri_Lanka/2004/Yale-DH148/P2, complete genome",DENV-1,,,2004,Homo sapiens,10735.0,True,,,legacy
PX282467.1,"Dengue virus type 1 isolate DENV1/Myanmar/2005/Yale-DH146/P2, complete genome",DENV-1,,,2005,Homo sapiens,10735.0,True,,,legacy
PX282464.1,"Dengue virus type 1 isolate DENV1/Mexico/2016/Yale-DH143/P2, complete genome",DENV-1,,,2016,Homo sapiens,10735.0,True,,,legacy
PX282457.1,"Dengue virus type 1 isolate DENV1/Philippines/1988/Yale-DH131/P2, complete genome",DENV-1,,,1988,Homo sapiens,10735.0,True,,,legacy
PX125311.1,"Dengue virus type 3 isolate Bali2022, complete genome",DENV-3,,,2022,Homo sapiens,10707.0,True,,,legacy
PV918782.1,"Dengue virus type 3 isolate SLS0028, complete genome",DENV-3,,,2024,Homo sapiens,10707.0,True,,,legacy
PV918781.1,"Dengue virus type 3 isolate SLS0081, complete genome",DENV-3,,,2023,Homo sapiens,10707.0,True,,,legacy
PV918780.1,"Dengue virus type 3 isolate SLS0079, complete genome",DENV-3,,,2023,Homo sapiens,10707.0,True,,,legacy
PV918779.1,"Dengue virus type 3 isolate SLS0071, complete genome",DENV-3,,,2023,Homo sapiens,10707.0,True,,,legacy
PV918778.1,"Dengue virus type 3 isolate SLS0069, complete genome",DENV-3,,,2023,Homo sapiens,10707.0,True,,,legacy
PV918777.1,"Dengue virus type 3 isolate SLS0059, complete genome",DENV-3,,,2024,Homo sapiens,10707.0,True,,,legacy
PV918776.1,"Dengue virus type 3 isolate SLS0055, complete genome",DENV-3,,,2023,Homo sapiens,10707.0,True,,,legacy
PV918775.1,"Dengue virus type 3 isolate SLS0051, complete genome",DENV-3,,,2023,Homo sapiens,10707.0,True,,,legacy
PV918774.1,"Dengue virus type 3 isolate SLS0049, complete genome",DENV-3,,,2023,Homo sapiens,10707.0,True,,,legacy
PV918773.1,"Dengue virus type 3 isolate SLS0040, complete genome",DENV-3,,,2024,Homo sapiens,10707.0,True,,,legacy
PV918772.1,"Dengue virus type 3 isolate SLS0035, complete genome",DENV-3,,,2024,Homo sapiens,10707.0,True,,,legacy
PV918771.1,"Dengue virus type 3 isolate SLS0031, complete genome",DENV-3,,,2024,Homo sapiens,10707.0,True,,,legacy
PV918770.1,"Dengue virus type 3 isolate SLS0030, complete genome",DENV-3,,,2024,Homo sapiens,10707.0,True,,,legacy
PV918769.1,"Dengue virus type 3 isolate SLS0023, complete genome",DENV-3,,,2024,Homo sapiens,10707.0,True,,,legacy
PV918768.1,"Dengue virus type 3 isolate SLS0008, complete genome",DENV-3,,,2024,Homo sapiens,10707.0,True,,,legacy
PV752130.1,"Dengue virus type 2 isolate SL_2017_Y42, complete genome",DENV-2,,,2017,Homo sapiens,10723.0,True,,,legacy
PV752129.1,"Dengue virus type 2 isolate SL_2017_Y40, complete genome",DENV-2,,,2017,Homo sapiens,10723.0,True,,,legacy
PV752128.1,"Dengue virus type 2 isolate SL_2017_Y39, complete genome",DENV-2,,,2017,Homo sapiens,10723.0,True,,,legacy
PV752127.1,"Dengue virus type 2 isolate SL_2017_Y38, complete genome",DENV-2,,,2017,Homo sapiens,10723.0,True,,,legacy
PV752126.1,"Dengue virus type 2 isolate SL_2017_Y29, complete genome",DENV-2,,,2017,Homo sapiens,10723.0,True,,,legacy
PV752125.1,"Dengue virus type 2 isolate SL_2017_Y25, complete genome",DENV-2,,,2017,Homo sapiens,10723.0,True,,,legacy
PV752124.1,"Dengue virus type 2 isolate SL_2017_TG66, complete genome",DENV-2,,,2017,Homo sapiens,10723.0,True,,,legacy
PV752123.1,"Dengue virus type 2 isolate SL_2017_TG41/1-10723, complete genome",DENV-2,,,2017,Homo sapiens,10723.0,True,,,legacy
PV752122.1,"Dengue virus type 2 isolate SL_2017_TG40, complete genome",DENV-2,,,2017,Homo sapiens,10723.0,True,,,legacy
PV752121.1,"Dengue virus type 2 isolate SL_2017_TG39/1-10723, complete genome",DENV-2,,,2017,Homo sapiens,10723.0,True,,,legacy
PV752120.1,"Dengue virus type 2 isolate SL_2017_TG33, complete genome",DENV-2,,,2017,Homo sapiens,10723.0,True,,,legacy
PV752119.1,"Dengue virus type 2 isolate SL_2017_TG11, complete genome",DENV-2,,,2017,Homo sapiens,10723.0,True,,,legacy
PV752118.1,"Dengue virus type 2 isolate SL_2017_TG10, complete genome",DENV-2,,,2017,Homo sapiens,10723.0,True,,,legacy
PV752117.1,"Dengue virus type 2 isolate SL_2017_TG9, complete genome",DENV-2,,,2017,Homo sapiens,10723.0,True,,,legacy
PV752116.1,"Dengue virus type 2 isolate SL_2017_TG6, complete genome",DENV-2,,,2017,Homo sapiens,10723.0,True,,,legacy
PV752115.1,"Dengue virus type 2 isolate SL_2017_TG4, complete genome",DENV-2,,,2017,Homo sapiens,10723.0,True,,,legacy
PV752114.1,"Dengue virus type 2 isolate SL_2016_S36, complete genome",DENV-2,,,2016,Homo sapiens,10723.0,True,,,legacy
PV752113.1,"Dengue virus type 2 isolate SL_2018_R91, complete genome",DENV-2,,,2018,Homo sapiens,10723.0,True,,,legacy
PV752112.1,"Dengue virus type 2 isolate SL_2018_R86/1-10723, complete genome",DENV-2,,,2018,Homo sapiens,10723.0,True,,,legacy
PV752111.1,"Dengue virus type 2 isolate SL_2018_R78, complete genome",DENV-2,,,2018,Homo sapiens,10723.0,True,,,legacy
PV752110.1,"Dengue virus type 2 isolate SL_2017_R64, complete genome",DENV-2,,,2017,Homo sapiens,10723.0,True,,,legacy
PV752109.1,"Dengue virus type 2 isolate SL_2017_R48, complete genome",DENV-2,,,2017,Homo sapiens,10723.0,True,,,legacy
PV752108.1,"Dengue virus type 2 isolate SL_2017_R34, complete genome",DENV-2,,,2017,Homo sapiens,10723.0,True,,,legacy
PV752107.1,"Dengue virus type 2 isolate SL_2017_R25, complete genome",DENV-2,,,2017,Homo sapiens,10723.0,True,,,legacy
PV752106.1,"Dengue virus type 2 isolate SL_2017_R24, complete genome",DENV-2,,,2017,Homo sapiens,10723.0,True,,,legacy
PV752105.1,"Dengue virus type 2 isolate SL_2017_R22, complete genome",DENV-2,,,2017,Homo sapiens,10723.0,True,,,legacy
PV752104.1,"Dengue virus type 2 isolate SL_2017_R12, complete genome",DENV-2,,,2017,Homo sapiens,10723.0,True,,,legacy
PV752103.1,"Dengue virus type 2 isolate SL_2017_R10, complete genome",DENV-2,,,2017,Homo sapiens,10723.0,True,,,legacy
PV752102.1,"Dengue virus type 2 isolate SL_2017_R9, complete genome",DENV-2,,,2017,Homo sapiens,10723.0,True,,,legacy
PV752101.1,"Dengue virus type 2 isolate SL_2018_P119A, complete genome",DENV-2,,,2018,Homo sapiens,10723.0,True,,,legacy
PV752100.1,"Dengue virus type 2 isolate SL_2018_P55A, complete genome",DENV-2,,,2018,Homo sapiens,10723.0,True,,,legacy
PV752099.1,"Dengue virus type 2 isolate SL_2018_P15A, complete genome",DENV-2,,,2018,Homo sapiens,10723.0,True,,,legacy
PV752098.1,"Dengue virus type 2 isolate SL_2017_TG48, complete genome",DENV-2,,,2017,Homo sapiens,10723.0,True,,,legacy
PV752097.1,"Dengue virus type 2 isolate SL_2018_R74, complete genome",DENV-2,,,2018,Homo sapiens,10723.0,True,,,legacy
PV752096.1,"Dengue virus type 2 isolate SL_2017_R19, complete genome",DENV-2,,,2017,Homo sapiens,10723.0,True,,,legacy
PV752095.1,"Dengue virus type 2 isolate SL_2017_R14, complete genome",DENV-2,,,2017,Homo sapiens,10723.0,True,,,legacy
PV752094.1,"Dengue virus type 2 isolate SL_2017_Y32, complete genome",DENV-2,,,2017,Homo sapiens,10723.0,True,,,legacy
PV752093.1,"Dengue virus type 2 isolate SL_2017_Y36, complete genome",DENV-2,,,2017,Homo sapiens,10723.0,True,,,legacy
PV752092.1,"Dengue virus type 2 isolate SL_2017_Y37, complete genome",DENV-2,,,2017,Homo sapiens,10723.0,True,,,legacy
PV752091.1,"Dengue virus type 2 isolate SL_2017_R1, complete genome",DENV-2,,,2017,Homo sapiens,10723.0,True,,,legacy
PV752090.1,"Dengue virus type 2 isolate SL_2017_R4, complete genome",DENV-2,,,2017,Homo sapiens,10723.0,True,,,legacy
PV752089.1,"Dengue virus type 2 isolate SL_2017_R5, complete genome",DENV-2,,,2017,Homo sapiens,10723.0,True,,,legacy
PV752088.1,"Dengue virus type 2 isolate SL_2017_TG45, complete genome",DENV-2,,,2017,Homo sapiens,10723.0,True,,,legacy
PV752087.1,"Dengue virus type 2 isolate SL_2017_TG46, complete genome",DENV-2,,,2017,Homo sapiens,10723.0,True,,,legacy
PV752086.1,"Dengue virus type 2 isolate SL_2017_TG47, complete genome",DENV-2,,,2017,Homo sapiens,10723.0,True,,,legacy
PV752085.1,"Dengue virus type 2 isolate SL_2017_TG49, complete genome",DENV-2,,,2017,Homo sapiens,10723.0,True,,,legacy
PV752084.1,"Dengue virus type 2 isolate SL_2017_TG64, complete genome",DENV-2,,,2017,Homo sapiens,10723.0,True,,,legacy
PV752083.1,"Dengue virus type 2 isolate SL_2017_TG65, complete genome",DENV-2,,,2017,Homo sapiens,10723.0,True,,,legacy
PV798798.1,"Dengue virus type 1 isolate D1/Malaysia/692021/15, complete genome",DENV-1,,,2015,Homo sapiens,10735.0,True,,,legacy
PV791001.1,"Dengue virus type 2 isolate KM24DFY, complete genome",DENV-2,,,2024,Homo sapiens,10725.0,True,,,legacy
PV791000.1,"Dengue virus type 2 isolate KM24DFY, complete genome",DENV-2,,,2024,Homo sapiens,10725.0,True,,,legacy
PV790969.1,"Dengue virus type 2 isolate KM24DFY, complete genome",DENV-2,,,2024,Homo sapiens,10725.0,True,,,legacy
PV790966.1,"Dengue virus type 2 isolate KM24DFY, complete genome",DENV-2,,,2024,Homo sapiens,10725.0,True,,,legacy
PV789662.1,"Dengue virus type 2 isolate KM24DFY, complete genome",DENV-2,,,2024,Homo sapiens,10725.0,True,,,legacy
PV789655.1,"Dengue virus type 2 isolate KM24DFY, complete genome",DENV-2,,,2024,Homo sapiens,10725.0,True,,,legacy
PV789653.1,"Dengue virus type 1 isolate KM24DFY, complete genome",DENV-1,,,2024,Homo sapiens,10734.0,True,,,legacy
PV789651.1,"Dengue virus type 4 isolate KM24DFY, complete genome",DENV-4,,,2024,Homo sapiens,10662.0,True,,,legacy
PV474419.1,"Dengue virus type 3 isolate DENV3/MLI/BKO-UCRC-020/2023, complete genome",DENV-3,,,2023,Homo sapiens,10707.0,True,,,legacy
PV474418.1,"Dengue virus type 3 isolate DENV3/MLI/BKO-UCRC-012/2023, complete genome",DENV-3,,,2023,Homo sapiens,10707.0,True,,,legacy
PV474417.1,"Dengue virus type 3 isolate DENV3/MLI/BKO-UCRC-017/2023, complete genome",DENV-3,,,2023,Homo sapiens,10707.0,True,,,legacy
PV474414.1,"Dengue virus type 3 isolate DENV3/MLI/BKO-UCRC-009/2023, complete genome",DENV-3,,,2023,Homo sapiens,10707.0,True,,,legacy
PV474413.1,"Dengue virus type 3 isolate DENV3/MLI/BKO-UCRC-001/2023, complete genome",DENV-3,,,2023,Homo sapiens,10707.0,True,,,legacy
PV344375.1,"Dengue virus type 4 isolate DENV4_06093TH, complete genome",DENV-4,,,2015,Homo sapiens,10652.0,True,,,legacy
PV344355.1,"Dengue virus type 4 isolate DENV4_06461TH, complete genome",DENV-4,,,2015,Homo sapiens,10651.0,True,,,legacy
PV344354.1,"Dengue virus type 4 isolate DENV4_06434TH, complete genome",DENV-4,,,2015,Homo sapiens,10651.0,True,,,legacy
PV344274.1,"Dengue virus type 1 isolate DENV1_38076156TH, complete genome",DENV-1,,,2023,Homo sapiens,10735.0,True,,,legacy
PV344273.1,"Dengue virus type 1 isolate DENV1_49109950TH, complete genome",DENV-1,,,2023,Homo sapiens,10735.0,True,,,legacy
PV344271.1,"Dengue virus type 1 isolate DENV1_183453TH, complete genome",DENV-1,,,2022,Homo sapiens,10736.0,True,,,legacy
PV344268.1,"Dengue virus type 1 isolate DENV1_06463TH, complete genome",DENV-1,,,2015,Homo sapiens,10735.0,True,,,legacy
PV344266.1,"Dengue virus type 1 isolate DENV1_06505TH, complete genome",DENV-1,,,2015,Homo sapiens,10736.0,True,,,legacy
PV344263.1,"Dengue virus type 1 isolate DENV1_05954TH, complete genome",DENV-1,,,2015,Homo sapiens,10736.0,True,,,legacy
PV344260.1,"Dengue virus type 1 isolate DENV1_08032TH, complete genome",DENV-1,,,2017,Homo sapiens,10736.0,True,,,legacy
PV344259.1,"Dengue virus type 1 isolate DENV1_06188TH, complete genome",DENV-1,,,2015,Homo sapiens,10736.0,True,,,legacy
PV344258.1,"Dengue virus type 1 isolate DENV1_06227TH, complete genome",DENV-1,,,2015,Homo sapiens,10736.0,True,,,legacy
PP128486.1,"Dengue virus type 4 isolate 4II_AY762085_Singapur, complete genome",DENV-4,,,2022,Homo sapiens,10649.0,True,,,legacy
PV138436.1,"Dengue virus type 4 isolate BL21_192, complete genome",DENV-4,,,2021,Homo sapiens,10650.0,True,,,legacy
PV138435.1,"Dengue virus type 4 isolate BL21_19, complete genome",DENV-4,,,2021,Homo sapiens,10650.0,True,,,legacy
PV088277.1,"Dengue virus type 3 isolate COL_DENV3_007_2014, complete genome",DENV-3,,,2014,Homo sapiens,10705.0,True,,,legacy
PV088276.1,"Dengue virus type 2 isolate COL_DENV2_028_2014, complete genome",DENV-2,,,2014,Homo sapiens,10725.0,True,,,legacy
PV083773.1,"Dengue virus type 1 isolate guangzhou-2014-1, complete genome",DENV-1,,,2014,Homo sapiens,10725.0,True,,,legacy
PV083756.1,"Dengue virus type 1 isolate guangzhou-2014-1, complete genome",DENV-1,,,2014,Homo sapiens,10725.0,True,,,legacy
PV083749.1,"Dengue virus type 1 isolate guangzhou-2014-1, complete genome",DENV-1,,,2014,Homo sapiens,10725.0,True,,,legacy
PV083748.1,"Dengue virus type 1 isolate guangzhou-2014-1, complete genome",DENV-1,,,2014,Homo sapiens,10725.0,True,,,legacy
PV018436.1,"Dengue virus type 2 isolate SG(EHI)D2/51858Y19, complete genome",DENV-2,,,2019,Homo sapiens,10723.0,True,,,legacy
OZ060069.1,"dengue virus type 1 isolate K179 genome assembly, chromosome: 1",DENV-1,,,,,10716.0,False,,,legacy
OZ060068.1,"dengue virus type 1 isolate K156 genome assembly, chromosome: 1",DENV-1,,,,,10714.0,False,,,legacy
OZ060067.1,"dengue virus type 1 isolate K49 genome assembly, chromosome: 1",DENV-1,,,,,10714.0,False,,,legacy
OZ060066.1,"dengue virus type 1 isolate K147 genome assembly, chromosome: 1",DENV-1,,,,,10716.0,False,,,legacy
OZ060065.1,"dengue virus type 1 isolate K81 genome assembly, chromosome: 1",DENV-1,,,,,10714.0,False,,,legacy
OZ060064.1,"dengue virus type 1 isolate K64 genome assembly, chromosome: 1",DENV-1,,,,,10716.0,False,,,legacy
OZ060063.1,"dengue virus type 1 isolate K4 genome assembly, chromosome: 1",DENV-1,,,,,10714.0,False,,,legacy
OZ060062.1,"dengue virus type 1 isolate K186 genome assembly, chromosome: 1",DENV-1,,,,,10716.0,False,,,legacy
OZ060061.1,"dengue virus type 1 isolate K146 genome assembly, chromosome: 1",DENV-1,,,,,10716.0,False,,,legacy
OZ060060.1,"dengue virus type 1 isolate K28 genome assembly, chromosome: 1",DENV-1,,,,,10714.0,False,,,legacy
OZ060059.1,"dengue virus type 1 isolate K137 genome assembly, chromosome: 1",DENV-1,,,,,10716.0,False,,,legacy
OZ060058.1,"dengue virus type 1 isolate K182 genome assembly, chromosome: 1",DENV-1,,,,,10714.0,False,,,legacy
OZ060057.1,"dengue virus type 1 isolate K20 genome assembly, chromosome: 1",DENV-1,,,,,10716.0,False,,,legacy
OZ060056.1,"dengue virus type 1 isolate K157 genome assembly, chromosome: 1",DENV-1,,,,,10716.0,False,,,legacy
OZ060055.1,"dengue virus type 1 isolate K85 genome assembly, chromosome: 1",DENV-1,,,,,10714.0,False,,,legacy
OZ060054.1,"dengue virus type 1 isolate K10 genome assembly, chromosome: 1",DENV-1,,,,,10714.0,False,,,legacy
OZ060053.1,"dengue virus type 1 isolate K43 genome assembly, chromosome: 1",DENV-1,,,,,10714.0,False,,,legacy
OZ060052.1,"dengue virus type 1 isolate K136 genome assembly, chromosome: 1",DENV-1,,,,,10716.0,False,,,legacy
OZ060051.1,"dengue virus type 1 isolate K125 genome assembly, chromosome: 1",DENV-1,,,,,10714.0,False,,,legacy
OZ060050.1,"dengue virus type 1 isolate K124 genome assembly, chromosome: 1",DENV-1,,,,,10716.0,False,,,legacy
OZ060049.1,"dengue virus type 1 isolate K119 genome assembly, chromosome: 1",DENV-1,,,,,10716.0,False,,,legacy
OZ060048.1,"dengue virus type 1 isolate K167 genome assembly, chromosome: 1",DENV-1,,,,,10714.0,False,,,legacy
OZ060047.1,"dengue virus type 1 isolate K29 genome assembly, chromosome: 1",DENV-1,,,,,10714.0,False,,,legacy
OZ060046.1,"dengue virus type 1 isolate K31 genome assembly, chromosome: 1",DENV-1,,,,,10712.0,False,,,legacy
OZ060045.1,"dengue virus type 1 isolate K2 genome assembly, chromosome: 1",DENV-1,,,,,10714.0,False,,,legacy
OZ060044.1,"dengue virus type 1 isolate K7 genome assembly, chromosome: 1",DENV-1,,,,,10714.0,False,,,legacy
OZ060043.1,"dengue virus type 1 isolate K6 genome assembly, chromosome: 1",DENV-1,,,,,10714.0,False,,,legacy
OZ060042.1,"dengue virus type 1 isolate K12 genome assembly, chromosome: 1",DENV-1,,,,,10716.0,False,,,legacy
OZ060041.1,"dengue virus type 1 isolate K75 genome assembly, chromosome: 1",DENV-1,,,,,10716.0,False,,,legacy
OZ060040.1,"dengue virus type 1 isolate K94 genome assembly, chromosome: 1",DENV-1,,,,,10714.0,False,,,legacy
OZ060039.1,"dengue virus type 1 isolate K192 genome assembly, chromosome: 1",DENV-1,,,,,10714.0,False,,,legacy
OZ060038.1,"dengue virus type 1 isolate K158 genome assembly, chromosome: 1",DENV-1,,,,,10716.0,False,,,legacy
OZ060037.1,"dengue virus type 1 isolate K21 genome assembly, chromosome: 1",DENV-1,,,,,10714.0,False,,,legacy
OZ060036.1,"dengue virus type 1 isolate K26 genome assembly, chromosome: 1",DENV-1,,,,,10715.0,False,,,legacy
OZ060035.1,"dengue virus type 1 isolate K178 genome assembly, chromosome: 1",DENV-1,,,,,10714.0,False,,,legacy
OZ060034.1,"dengue virus type 1 isolate K133 genome assembly, chromosome: 1",DENV-1,,,,,10716.0,False,,,legacy
OZ060033.1,"dengue virus type 1 isolate K39 genome assembly, chromosome: 1",DENV-1,,,,,10716.0,False,,,legacy
OZ060032.1,"dengue virus type 1 isolate K155 genome assembly, chromosome: 1",DENV-1,,,,,10716.0,False,,,legacy
OZ060031.1,"dengue virus type 1 isolate K114 genome assembly, chromosome: 1",DENV-1,,,,,10716.0,False,,,legacy
OZ060030.1,"dengue virus type 1 isolate K185 genome assembly, chromosome: 1",DENV-1,,,,,10714.0,False,,,legacy
OZ060029.1,"dengue virus type 1 isolate K142 genome assembly, chromosome: 1",DENV-1,,,,,10714.0,False,,,legacy
OZ060028.1,"dengue virus type 1 isolate K132 genome assembly, chromosome: 1",DENV-1,,,,,10716.0,False,,,legacy
OZ060027.1,"dengue virus type 1 isolate K122 genome assembly, chromosome: 1",DENV-1,,,,,10714.0,False,,,legacy
OZ060026.1,"dengue virus type 1 isolate K175 genome assembly, chromosome: 1",DENV-1,,,,,10714.0,False,,,legacy
OZ060025.1,"dengue virus type 1 isolate K149 genome assembly, chromosome: 1",DENV-1,,,,,10716.0,False,,,legacy
OZ060024.1,"dengue virus type 1 isolate K42 genome assembly, chromosome: 1",DENV-1,,,,,10714.0,False,,,legacy
OZ060023.1,"dengue virus type 1 isolate K82 genome assembly, chromosome: 1",DENV-1,,,,,10716.0,False,,,legacy
OZ060022.1,"dengue virus type 1 isolate K106 genome assembly, chromosome: 1",DENV-1,,,,,10714.0,False,,,legacy
OZ060021.1,"dengue virus type 1 isolate K140 genome assembly, chromosome: 1",DENV-1,,,,,10714.0,False,,,legacy
OZ060020.1,"dengue virus type 1 isolate K104 genome assembly, chromosome: 1",DENV-1,,,,,10716.0,False,,,legacy
OZ060019.1,"dengue virus type 1 isolate K13 genome assembly, chromosome: 1",DENV-1,,,,,10714.0,False,,,legacy
OZ060018.1,"dengue virus type 1 isolate K25 genome assembly, chromosome: 1",DENV-1,,,,,10714.0,False,,,legacy
OZ060017.1,"dengue virus type 1 isolate K184 genome assembly, chromosome: 1",DENV-1,,,,,10716.0,False,,,legacy
OZ060016.1,"dengue virus type 1 isolate K73 genome assembly, chromosome: 1",DENV-1,,,,,10714.0,False,,,legacy
OZ060015.1,"dengue virus type 1 isolate K19 genome assembly, chromosome: 1",DENV-1,,,,,10714.0,False,,,legacy
OZ060014.1,"dengue virus type 1 isolate K34 genome assembly, chromosome: 1",DENV-1,,,,,10714.0,False,,,legacy
OZ060013.1,"dengue virus type 1 isolate K102 genome assembly, chromosome: 1",DENV-1,,,,,10714.0,False,,,legacy
OZ060012.1,"dengue virus type 1 isolate K126 genome assembly, chromosome: 1",DENV-1,,,,,10716.0,False,,,legacy
OZ060011.1,"dengue virus type 1 isolate K160 genome assembly, chromosome: 1",DENV-1,,,,,10714.0,False,,,legacy
OZ060010.1,"dengue virus type 1 isolate K110 genome assembly, chromosome: 1",DENV-1,,,,,10714.0,False,,,legacy
OZ060009.1,"dengue virus type 1 isolate K59 genome assembly, chromosome: 1",DENV-1,,,,,10714.0,False,,,legacy
OZ060008.1,"dengue virus type 1 isolate K47 genome assembly, chromosome: 1",DENV-1,,,,,10714.0,False,,,legacy
OZ060007.1,"dengue virus type 1 isolate K58 genome assembly, chromosome: 1",DENV-1,,,,,10714.0,False,,,legacy
OZ060006.1,"dengue virus type 1 isolate K11 genome assembly, chromosome: 1",DENV-1,,,,,10714.0,False,,,legacy
OZ060005.1,"dengue virus type 1 isolate K27 genome assembly, chromosome: 1",DENV-1,,,,,10715.0,False,,,legacy
OZ060004.1,"dengue virus type 1 isolate K62 genome assembly, chromosome: 1",DENV-1,,,,,10714.0,False,,,legacy
OZ060003.1,"dengue virus type 1 isolate K80 genome assembly, chromosome: 1",DENV-1,,,,,10714.0,False,,,legacy
OZ060002.1,"dengue virus type 1 isolate K164 genome assembly, chromosome: 1",DENV-1,,,,,10714.0,False,,,legacy
OZ060001.1,"dengue virus type 1 isolate K65 genome assembly, chromosome: 1",DENV-1,,,,,10716.0,False,,,legacy
OZ060000.1,"dengue virus type 1 isolate K79 genome assembly, chromosome: 1",DENV-1,,,,,10714.0,False,,,legacy
OZ059999.1,"dengue virus type 1 isolate K86 genome assembly, chromosome: 1",DENV-1,,,,,10714.0,False,,,legacy
OZ059998.1,"dengue virus type 1 isolate K188 genome assembly, chromosome: 1",DENV-1,,,,,10714.0,False,,,legacy
OZ059997.1,"dengue virus type 1 isolate K50 genome assembly, chromosome: 1",DENV-1,,,,,10714.0,False,,,legacy
OZ059996.1,"dengue virus type 1 isolate K176 genome assembly, chromosome: 1",DENV-1,,,,,10716.0,False,,,legacy
OZ059995.1,"dengue virus type 1 isolate K117 genome assembly, chromosome: 1",DENV-1,,,,,10716.0,False,,,legacy
OZ059994.1,"dengue virus type 1 isolate K93 genome assembly, chromosome: 1",DENV-1,,,,,10714.0,False,,,legacy
OZ059993.1,"dengue virus type 1 isolate K87 genome assembly, chromosome: 1",DENV-1,,,,,10716.0,False,,,legacy
OZ059992.1,"dengue virus type 1 isolate K105 genome assembly, chromosome: 1",DENV-1,,,,,10716.0,False,,,legacy
OZ059991.1,"dengue virus type 1 isolate K154 genome assembly, chromosome: 1",DENV-1,,,,,10714.0,False,,,legacy
OZ059990.1,"dengue virus type 1 isolate K113 genome assembly, chromosome: 1",DENV-1,,,,,10716.0,False,,,legacy
OZ059989.1,"dengue virus type 1 isolate K38 genome assembly, chromosome: 1",DENV-1,,,,,9633.0,False,,,legacy
OZ059988.1,"dengue virus type 1 isolate K53 genome assembly, chromosome: 1",DENV-1,,,,,10714.0,False,,,legacy
OZ059987.1,"dengue virus type 1 isolate K8 genome assembly, chromosome: 1",DENV-1,,,,,10716.0,False,,,legacy
OZ059986.1,"dengue virus type 1 isolate K190 genome assembly, chromosome: 1",DENV-1,,,,,10714.0,False,,,legacy
OZ059985.1,"dengue virus type 1 isolate K71 genome assembly, chromosome: 1",DENV-1,,,,,10716.0,False,,,legacy
OZ059984.1,"dengue virus type 1 isolate K46 genome assembly, chromosome: 1",DENV-1,,,,,10714.0,False,,,legacy
OZ059983.1,"dengue virus type 1 isolate K183 genome assembly, chromosome: 1",DENV-1,,,,,10714.0,False,,,legacy
OZ059982.1,"dengue virus type 1 isolate K115 genome assembly, chromosome: 1",DENV-1,,,,,10716.0,False,,,legacy
OZ059981.1,"dengue virus type 1 isolate K5 genome assembly, chromosome: 1",DENV-1,,,,,10714.0,False,,,legacy
OZ059980.1,"dengue virus type 1 isolate K166 genome assembly, chromosome: 1",DENV-1,,,,,10714.0,False,,,legacy
OZ059979.1,"dengue virus type 1 isolate K33 genome assembly, chromosome: 1",DENV-1,,,,,10714.0,False,,,legacy
OZ059978.1,"dengue virus type 1 isolate K17 genome assembly, chromosome: 1",DENV-1,,,,,10714.0,False,,,legacy
OZ059977.1,"dengue virus type 1 isolate K84 genome assembly, chromosome: 1",DENV-1,,,,,10715.0,False,,,legacy
OZ059976.1,"dengue virus type 1 isolate K170 genome assembly, chromosome: 1",DENV-1,,,,,10716.0,False,,,legacy
OZ059975.1,"dengue virus type 1 isolate K100 genome assembly, chromosome: 1",DENV-1,,,,,10714.0,False,,,legacy
OZ059974.1,"dengue virus type 1 isolate K177 genome assembly, chromosome: 1",DENV-1,,,,,10713.0,False,,,legacy
OZ059973.1,"dengue virus type 1 isolate K120 genome assembly, chromosome: 1",DENV-1,,,,,10714.0,False,,,legacy
OZ059972.1,"dengue virus type 1 isolate K83 genome assembly, chromosome: 1",DENV-1,,,,,10715.0,False,,,legacy
OZ059971.1,"dengue virus type 1 isolate K187 genome assembly, chromosome: 1",DENV-1,,,,,10714.0,False,,,legacy
OZ059970.1,"dengue virus type 1 isolate K101 genome assembly, chromosome: 1",DENV-1,,,,,10714.0,False,,,legacy
OZ059969.1,"dengue virus type 1 isolate K1 genome assembly, chromosome: 1",DENV-1,,,,,10714.0,False,,,legacy
OZ059968.1,"dengue virus type 1 isolate K141 genome assembly, chromosome: 1",DENV-1,,,,,10714.0,False,,,legacy
OZ059967.1,"dengue virus type 1 isolate K162 genome assembly, chromosome: 1",DENV-1,,,,,10714.0,False,,,legacy
OZ059966.1,"dengue virus type 1 isolate K181 genome assembly, chromosome: 1",DENV-1,,,,,10714.0,False,,,legacy
OZ059965.1,"dengue virus type 1 isolate K67 genome assembly, chromosome: 1",DENV-1,,,,,10714.0,False,,,legacy
OZ059964.1,"dengue virus type 1 isolate K139 genome assembly, chromosome: 1",DENV-1,,,,,10714.0,False,,,legacy
OZ059963.1,"dengue virus type 1 isolate K168 genome assembly, chromosome: 1",DENV-1,,,,,10715.0,False,,,legacy
OZ059962.1,"dengue virus type 1 isolate K41 genome assembly, chromosome: 1",DENV-1,,,,,10714.0,False,,,legacy
OZ059961.1,"dengue virus type 1 isolate K180 genome assembly, chromosome: 1",DENV-1,,,,,10716.0,False,,,legacy
OZ059960.1,"dengue virus type 1 isolate K56 genome assembly, chromosome: 1",DENV-1,,,,,10716.0,False,,,legacy
OZ059959.1,"dengue virus type 1 isolate K69 genome assembly, chromosome: 1",DENV-1,,,,,10716.0,False,,,legacy
OZ059958.1,"dengue virus type 1 isolate K103 genome assembly, chromosome: 1",DENV-1,,,,,10714.0,False,,,legacy
OZ059957.1,"dengue virus type 1 isolate K30 genome assembly, chromosome: 1",DENV-1,,,,,10714.0,False,,,legacy
OZ059956.1,"dengue virus type 1 isolate K32 genome assembly, chromosome: 1",DENV-1,,,,,10714.0,False,,,legacy
OZ059955.1,"dengue virus type 1 isolate K163 genome assembly, chromosome: 1",DENV-1,,,,,10716.0,False,,,legacy
OZ059954.1,"dengue virus type 1 isolate K151 genome assembly, chromosome: 1",DENV-1,,,,,10716.0,False,,,legacy
OZ059953.1,"dengue virus type 1 isolate K169 genome assembly, chromosome: 1",DENV-1,,,,,10716.0,False,,,legacy
OZ059952.1,"dengue virus type 1 isolate K107 genome assembly, chromosome: 1",DENV-1,,,,,10714.0,False,,,legacy
OZ059951.1,"dengue virus type 1 isolate K23 genome assembly, chromosome: 1",DENV-1,,,,,10714.0,False,,,legacy
OZ059950.1,"dengue virus type 1 isolate K89 genome assembly, chromosome: 1",DENV-1,,,,,10714.0,False,,,legacy
OZ059949.1,"dengue virus type 1 isolate K63 genome assembly, chromosome: 1",DENV-1,,,,,10714.0,False,,,legacy
OZ059948.1,"dengue virus type 1 isolate K130 genome assembly, chromosome: 1",DENV-1,,,,,10714.0,False,,,legacy
OZ059947.1,"dengue virus type 1 isolate K131 genome assembly, chromosome: 1",DENV-1,,,,,10714.0,False,,,legacy
OZ059946.1,"dengue virus type 1 isolate K36 genome assembly, chromosome: 1",DENV-1,,,,,10714.0,False,,,legacy
OZ059945.1,"dengue virus type 1 isolate K148 genome assembly, chromosome: 1",DENV-1,,,,,10716.0,False,,,legacy
OZ059944.1,"dengue virus type 1 isolate K3 genome assembly, chromosome: 1",DENV-1,,,,,10714.0,False,,,legacy
OZ059943.1,"dengue virus type 1 isolate K14 genome assembly, chromosome: 1",DENV-1,,,,,10714.0,False,,,legacy
OZ059942.1,"dengue virus type 1 isolate K68 genome assembly, chromosome: 1",DENV-1,,,,,10716.0,False,,,legacy
OZ059941.1,"dengue virus type 1 isolate K57 genome assembly, chromosome: 1",DENV-1,,,,,10714.0,False,,,legacy
OZ059940.1,"dengue virus type 1 isolate K24 genome assembly, chromosome: 1",DENV-1,,,,,10714.0,False,,,legacy
OZ059939.1,"dengue virus type 1 isolate K54 genome assembly, chromosome: 1",DENV-1,,,,,10716.0,False,,,legacy
OZ059938.1,"dengue virus type 1 isolate K165 genome assembly, chromosome: 1",DENV-1,,,,,10716.0,False,,,legacy
OZ059937.1,"dengue virus type 1 isolate K15 genome assembly, chromosome: 1",DENV-1,,,,,10714.0,False,,,legacy
OZ059936.1,"dengue virus type 1 isolate K118 genome assembly, chromosome: 1",DENV-1,,,,,10716.0,False,,,legacy
OZ059935.1,"dengue virus type 1 isolate K144 genome assembly, chromosome: 1",DENV-1,,,,,10716.0,False,,,legacy
OZ059934.1,"dengue virus type 1 isolate K108 genome assembly, chromosome: 1",DENV-1,,,,,10716.0,False,,,legacy
OZ059933.1,"dengue virus type 1 isolate K22 genome assembly, chromosome: 1",DENV-1,,,,,10716.0,False,,,legacy
OZ059932.1,"dengue virus type 1 isolate K189 genome assembly, chromosome: 1",DENV-1,,,,,10714.0,False,,,legacy
OZ059931.1,"dengue virus type 1 isolate K74 genome assembly, chromosome: 1",DENV-1,,,,,10714.0,False,,,legacy
OZ059930.1,"dengue virus type 1 isolate K153 genome assembly, chromosome: 1",DENV-1,,,,,10716.0,False,,,legacy
OZ059929.1,"dengue virus type 1 isolate K60 genome assembly, chromosome: 1",DENV-1,,,,,10713.0,False,,,legacy
OZ059928.1,"dengue virus type 1 isolate K76 genome assembly, chromosome: 1",DENV-1,,,,,10714.0,False,,,legacy
OZ059927.1,"dengue virus type 1 isolate K9 genome assembly, chromosome: 1",DENV-1,,,,,10714.0,False,,,legacy
OZ059926.1,"dengue virus type 1 isolate K173 genome assembly, chromosome: 1",DENV-1,,,,,10716.0,False,,,legacy
OZ059925.1,"dengue virus type 1 isolate K111 genome assembly, chromosome: 1",DENV-1,,,,,10716.0,False,,,legacy
OZ059924.1,"dengue virus type 1 isolate K52 genome assembly, chromosome: 1",DENV-1,,,,,10715.0,False,,,legacy
LC793497.1,"Dengue virus type 3 DV3P1208P4Bm RNA, complete genome",DENV-3,,,2-26,Mus musculus,10707.0,True,,,legacy
LC793496.1,"Dengue virus type 3 DV3P1208 RNA, complete genome",DENV-3,,,2-26,Homo sapiens,10707.0,True,,,legacy
LC793495.1,"Dengue virus type 1 DV1-5P7Sp RNA, complete genome",DENV-1,,,2-26,Mus musculus,10735.0,True,,,legacy
LC793494.1,"Dengue virus type 1 DV1-5 RNA, complete genome",DENV-1,,,2-26,Homo sapiens,10735.0,True,,,legacy
PQ667806.1,"Dengue virus type 4 isolate DENV4_SriLanka_1992_280056, complete genome",DENV-4,,,1992,Homo sapiens,10650.0,True,,,legacy
PQ667805.1,"Dengue virus type 3 isolate DENV3_SriLanka_1989_UNC3001, complete genome",DENV-3,,,1989,Homo sapiens,10707.0,True,,,legacy
PQ667804.1,"Dengue virus type 2 isolate DENV2_SriLanka_2016_GS1816, complete genome",DENV-2,,,2016,Homo sapiens,10723.0,True,,,legacy
PQ657766.1,"Dengue virus type 2 isolate hDenV2/Bangladesh/NRICh-DS028/2023, complete genome",DENV-2,,,2023,Homo sapiens,10723.0,True,,,legacy
PP582683.1,"Dengue virus type 3 isolate 01004/DENV3/FG/2023-09-01, complete genome",DENV-3,,,9-01,Homo sapiens,10708.0,True,,,legacy
PP582680.1,"Dengue virus type 3 isolate 22034/DENV3/FG/2023-08-21, complete genome",DENV-3,,,8-21,Homo sapiens,10708.0,True,,,legacy
PP582679.1,"Dengue virus type 3 isolate 18005/DENV3/FG/2023-08-17, complete genome",DENV-3,,,8-17,Homo sapiens,10708.0,True,,,legacy
PP582678.1,"Dengue virus type 3 isolate 16005/DENV3/FG/2023-08-16, complete genome",DENV-3,,,8-16,Homo sapiens,10708.0,True,,,legacy
PP582677.1,"Dengue virus type 3 isolate 15024/DENV3/FG/2023-08-15, complete genome",DENV-3,,,8-15,Homo sapiens,10708.0,True,,,legacy
PP582676.1,"Dengue virus type 3 isolate 12016/DENV3/FG/2023-08-12, complete genome",DENV-3,,,8-12,Homo sapiens,10708.0,True,,,legacy
PP582675.1,"Dengue virus type 3 isolate 11020/DENV3/FG/2023-08-09, complete genome",DENV-3,,,8-09,Homo sapiens,10708.0,True,,,legacy
PP582674.1,"Dengue virus type 3 isolate 09024/DENV3/FG/2023-08-09, complete genome",DENV-3,,,8-09,Homo sapiens,10708.0,True,,,legacy
PP582670.1,"Dengue virus type 3 isolate 03027/DENV3/FG/2023-07-30, complete genome",DENV-3,,,7-30,Homo sapiens,10708.0,True,,,legacy
PP582669.1,"Dengue virus type 3 isolate 03024/DENV3/FG/2023-07-30, complete genome",DENV-3,,,7-30,Homo sapiens,10708.0,True,,,legacy
PP582668.1,"Dengue virus type 3 isolate 25030/DENV3/FG/2023-07-25, complete genome",DENV-3,,,7-25,Homo sapiens,10708.0,True,,,legacy
PP582667.1,"Dengue virus type 3 isolate 25006/DENV3/FG/2023-07-25, complete genome",DENV-3,,,7-25,Homo sapiens,10708.0,True,,,legacy
PP582666.1,"Dengue virus type 3 isolate 24008/DENV3/FG/2023-07-24, complete genome",DENV-3,,,7-24,Homo sapiens,10708.0,True,,,legacy
PP582665.1,"Dengue virus type 3 isolate 22008/DENV3/FG/2023-07-22, complete genome",DENV-3,,,7-22,Homo sapiens,10708.0,True,,,legacy
PP582664.1,"Dengue virus type 3 isolate 21022/DENV3/FG/2023-07-21, complete genome",DENV-3,,,7-21,Homo sapiens,10708.0,True,,,legacy
PP582662.1,"Dengue virus type 3 isolate 20003/DENV3/FG/2023-07-20, complete genome",DENV-3,,,7-20,Homo sapiens,10708.0,True,,,legacy
PP582661.1,"Dengue virus type 3 isolate 20025/DENV3/FG/2023-07-19, complete genome",DENV-3,,,7-19,Homo sapiens,10708.0,True,,,legacy
PP582660.1,"Dengue virus type 3 isolate 19028/DENV3/FG/2023-07-19, complete genome",DENV-3,,,7-19,Homo sapiens,10708.0,True,,,legacy
PP582659.1,"Dengue virus type 3 isolate 17053/DENV3/FG/2023-07-17, complete genome",DENV-3,,,7-17,Homo sapiens,10708.0,True,,,legacy
PP582658.1,"Dengue virus type 3 isolate 17045/DENV3/FG/2023-07-13, complete genome",DENV-3,,,7-13,Homo sapiens,10708.0,True,,,legacy
PP582657.1,"Dengue virus type 3 isolate 07041/DENV3/FG/2023-07-07, complete genome",DENV-3,,,7-07,Homo sapiens,10708.0,True,,,legacy
PP582655.1,"Dengue virus type 3 isolate 07026/DENV3/FG/2023-07-07, complete genome",DENV-3,,,7-07,Homo sapiens,10708.0,True,,,legacy
PP582654.1,"Dengue virus type 3 isolate 07027/DENV3/FG/2023-07-06, complete genome",DENV-3,,,7-06,Homo sapiens,10708.0,True,,,legacy
PP582652.1,"Dengue virus type 3 isolate 30024/DENV3/FG/2023-06-29, complete genome",DENV-3,,,6-29,Homo sapiens,10708.0,True,,,legacy
PP582642.1,"Dengue virus type 3 isolate 26005/DENV3/FG/2023-04-23, complete genome",DENV-3,,,4-23,Homo sapiens,10708.0,True,,,legacy
PP582641.1,"Dengue virus type 3 isolate 10005/DENV3/FG/2023-03-10, complete genome",DENV-3,,,3-10,Homo sapiens,10708.0,True,,,legacy
PP582639.1,"Dengue virus type 3 isolate 06017/DENV3/FG/2022-11-23, complete genome",DENV-3,,,1-23,Homo sapiens,10708.0,True,,,legacy
PP582638.1,"Dengue virus type 3 isolate 26144/DENV3/FG/2021-01-26, complete genome",DENV-3,,,1-26,Homo sapiens,10708.0,True,,,legacy
PP582637.1,"Dengue virus type 3 isolate 07178/DENV3/FG/2021-01-07, complete genome",DENV-3,,,1-07,Homo sapiens,10708.0,True,,,legacy
PP582635.1,"Dengue virus type 3 isolate 20157/DENV3/GLP/2020-11-03, complete genome",DENV-3,,,1-03,Homo sapiens,10708.0,True,,,legacy
PP582632.1,"Dengue virus type 3 isolate 20150/DENV3/GLP/2020-10-07, complete genome",DENV-3,,,0-07,Homo sapiens,10708.0,True,,,legacy
PP582627.1,"Dengue virus type 3 isolate 27341/DENV3/MTQ/2020-01-09, complete genome",DENV-3,,,1-09,Homo sapiens,10708.0,True,,,legacy
PP582623.1,"Dengue virus type 3 isolate 31054/DENV3/FG/2013-02-05, complete genome",DENV-3,,,2-05,Homo sapiens,10708.0,True,,,legacy
PP582622.1,"Dengue virus type 3 isolate 25179/DENV3/FG/2013-01-24, complete genome",DENV-3,,,1-24,Homo sapiens,10708.0,True,,,legacy
OR690442.1,"Dengue virus type 1 isolate 2023095-Changsha-China-2023,complete genome polyprotein (POLY) gene, complete cds; and sfRNA1 lncRNA gene, partial sequence",DENV-1,,,2023,Homo sapiens,10652.0,True,,,legacy
PQ555702.1,"Dengue virus type 4 isolate D4/Malaysia/110454/23, complete genome",DENV-4,,,2023,Homo sapiens,10649.0,True,,,legacy
PQ465587.1,"Dengue virus type 2 isolate D2/Malaysia/247146/15, complete genome",DENV-2,,,2015,Homo sapiens,10723.0,True,,,legacy
PP586203.1,"Dengue virus type 4 isolate DG08, complete genome",DENV-4,,,1-14,Homo sapiens,10651.0,True,,,legacy
PP586198.1,"Dengue virus type 3 isolate DG03, complete genome",DENV-3,,,8-04,Homo sapiens,10700.0,True,,,legacy
PQ357572.1,"Dengue virus type 1 isolate 18GZ27977_D1_KHM, complete genome",DENV-1,,,1-11,Homo sapiens,10655.0,True,,,legacy
PQ357570.1,"Dengue virus type 1 isolate 18GZ61914_D1_THA, complete genome",DENV-1,,,2-17,Homo sapiens,10656.0,True,,,legacy
PQ357542.1,"Dengue virus type 1 isolate 19GZ15076_D1_KHM, complete genome",DENV-1,,,6-24,Homo sapiens,10735.0,True,,,legacy
PQ357540.1,"Dengue virus type 1 isolate 19GZ14846_D1_THA, complete genome",DENV-1,,,6-15,Homo sapiens,10735.0,True,,,legacy
PQ357538.1,"Dengue virus type 1 isolate 18GZ61318_D1_IDN, complete genome",DENV-1,,,9-29,Homo sapiens,10735.0,True,,,legacy
PQ357537.1,"Dengue virus type 1 isolate 18GZ26171_D1_PHL, complete genome",DENV-1,,,0-24,Homo sapiens,10735.0,True,,,legacy
PQ357536.1,"Dengue virus type 1 isolate 18GZ23120_D1_KHM, complete genome",DENV-1,,,9-27,Homo sapiens,10735.0,True,,,legacy
PQ357520.1,"Dengue virus type 2 isolate 23GZ15799_D2_MYS, complete genome",DENV-2,,,7-26,Homo sapiens,10723.0,True,,,legacy
PQ357519.1,"Dengue virus type 2 isolate 23GZ12873_D2_THA, complete genome",DENV-2,,,6-30,Homo sapiens,10723.0,True,,,legacy
PQ357512.1,"Dengue virus type 3 isolate 23GZ16601_D3_BFA, complete genome",DENV-3,,,8-21,Homo sapiens,10707.0,True,,,legacy
PQ357511.1,"Dengue virus type 3 isolate 23GZ14235_D3_THA, complete genome",DENV-3,,,7-16,Homo sapiens,10700.0,True,,,legacy
PQ357326.1,"Dengue virus type 4 isolate 23GZ08185_D4_IDN, complete genome",DENV-4,,,2023,Homo sapiens,10652.0,True,,,legacy
PQ203301.1,"Dengue virus type 3 isolate 23GZ19808_D3_THA, complete genome",DENV-3,,,0-03,Homo sapiens,10700.0,True,,,legacy
PQ203300.1,"Dengue virus type 3 isolate 23GZ16601_D3_BFA, complete genome",DENV-3,,,8-21,Homo sapiens,10707.0,True,,,legacy
PQ203299.1,"Dengue virus type 3 isolate 23GZ14235_D3_THA, complete genome",DENV-3,,,7-16,Homo sapiens,10700.0,True,,,legacy
PP968117.1,"Dengue virus type 3 isolate Bangladesh 2022, complete genome",DENV-3,,,2024,Homo sapiens,10707.0,True,,,legacy
PP902582.1,"Dengue virus type 3 isolate JA20JA19, complete genome",DENV-3,,,2020,Homo sapiens,10708.0,True,,,legacy
PP902578.1,"Dengue virus type 3 isolate JA19DC37, complete genome",DENV-3,,,2019,Homo sapiens,10708.0,True,,,legacy
PP902572.1,"Dengue virus type 3 isolate JA20ST4, complete genome",DENV-3,,,2020,Homo sapiens,10708.0,True,,,legacy
OR053670.1,"Dengue virus type 3 isolate D191267, complete genome",DENV-3,,,2019,Homo sapiens,10707.0,True,,,legacy
PP711274.1,"Dengue virus type 3 isolate Dengue virus type 3 Homo sapiens/Bangladesh-UF-1/2019, complete genome",DENV-3,,,2019,Homo sapiens,10707.0,True,,,legacy
PP564823.1,"Dengue virus type 1 isolate 23GZ20477_D1_SZ, complete genome",DENV-1,,,0-06,Homo sapiens,10712.0,True,,,legacy
PP563875.1,"Dengue virus type 1 isolate 23GZ17450_D1_A, complete genome",DENV-1,,,9-03,Homo sapiens,10734.0,True,,,legacy
PP563826.1,"Dengue virus type 1 isolate 23GZ16582_D1_YN, complete genome",DENV-1,,,8-21,Homo sapiens,10734.0,True,,,legacy
PP563771.1,"Dengue virus type 3 isolate 23GZ16076_D3_AGO, complete genome",DENV-3,,,6-24,Homo sapiens,10707.0,True,,,legacy
PP546320.1,"Dengue virus type 2 isolate BS71, complete genome",DENV-2,,,2022,Homo sapiens,10723.0,True,,,legacy
PP540290.1,"Dengue virus type 1 isolate 23GZ15876_D1_A, complete genome",DENV-1,,,2023,Homo sapiens,10734.0,True,,,legacy
PP326824.1,"Dengue virus type 2 isolate 71057, complete genome",DENV-2,,,8-24,Homo sapiens,10723.0,True,,,legacy
PP326823.1,"Dengue virus type 2 isolate 71056, complete genome",DENV-2,,,9-12,Homo sapiens,10723.0,True,,,legacy
PP326822.1,"Dengue virus type 2 isolate 71050, complete genome",DENV-2,,,8-07,Homo sapiens,10723.0,True,,,legacy
PP326821.1,"Dengue virus type 2 isolate 71027, complete genome",DENV-2,,,0-05,Homo sapiens,10722.0,True,,,legacy
PP326820.1,"Dengue virus type 2 isolate 71024, complete genome",DENV-2,,,0-06,Homo sapiens,10723.0,True,,,legacy
PP326813.1,"Dengue virus type 2 isolate 70053, complete genome",DENV-2,,,9-26,Homo sapiens,10723.0,True,,,legacy
ON127552.1,"Dengue virus type 3, complete genome",DENV-3,,,2021,Homo sapiens,10707.0,True,,,legacy
ON127550.1,"Dengue virus type 3, complete genome",DENV-3,,,2021,Homo sapiens,10707.0,True,,,legacy
ON127537.1,"Dengue virus type 3, complete genome",DENV-3,,,2021,Homo sapiens,10707.0,True,,,legacy
ON127533.1,"Dengue virus type 3, complete genome",DENV-3,,,2021,Homo sapiens,10707.0,True,,,legacy
ON127418.1,"Dengue virus type 3, complete genome",DENV-3,,,2021,Homo sapiens,10707.0,True,,,legacy
ON116129.1,"Dengue virus type 3, complete genome",DENV-3,,,2021,Homo sapiens,10707.0,True,,,legacy
ON115818.1,"Dengue virus type 3, complete genome",DENV-3,,,2021,Homo sapiens,10707.0,True,,,legacy
ON115816.1,"Dengue virus type 3, complete genome",DENV-3,,,2021,Homo sapiens,10707.0,True,,,legacy
ON115814.1,"Dengue virus type 3, complete genome",DENV-3,,,2021,Homo sapiens,10707.0,True,,,legacy
ON115811.1,"Dengue virus type 3, complete genome",DENV-3,,,2021,Homo sapiens,10707.0,True,,,legacy
ON115182.1,"Dengue virus type 3, complete genome",DENV-3,,,2021,Homo sapiens,10707.0,True,,,legacy
ON115029.1,"Dengue virus type 3, complete genome",DENV-3,,,2021,Homo sapiens,10707.0,True,,,legacy
ON115025.1,"Dengue virus type 3, complete genome",DENV-3,,,2021,Homo sapiens,10707.0,True,,,legacy
ON115023.1,"Dengue virus type 3, complete genome",DENV-3,,,2021,Homo sapiens,10707.0,True,,,legacy
ON115021.1,"Dengue virus type 3, complete genome",DENV-3,,,2021,Homo sapiens,10707.0,True,,,legacy
ON111445.1,"Dengue virus type 3, complete genome",DENV-3,,,2021,Homo sapiens,10707.0,True,,,legacy
ON103390.1,"Dengue virus type 3, complete genome",DENV-3,,,2021,Homo sapiens,10707.0,True,,,legacy
ON103302.1,"Dengue virus type 3, complete genome",DENV-3,,,2021,Homo sapiens,10707.0,True,,,legacy
OR821726.1,"Dengue virus type 3 isolate DENV3_CDBT_TU_NP224, complete genome",DENV-3,,,2022,Homo sapiens,10708.0,True,,,legacy
OR821725.1,"Dengue virus type 2 isolate DENV2_CDBT_TU_NP40, complete genome",DENV-2,,,2022,Homo sapiens,10723.0,True,,,legacy
OR821724.1,"Dengue virus type 2 isolate DENV2_CDBT_TU_NP181, complete genome",DENV-2,,,2022,Homo sapiens,10723.0,True,,,legacy
OQ726075.1,"Dengue virus type 2 isolate LET-1160, complete genome",DENV-2,,,2022,Homo sapiens,10723.0,True,,,legacy
OQ726073.1,"Dengue virus type 2 isolate LET-1147, complete genome",DENV-2,,,2022,Homo sapiens,10723.0,True,,,legacy
OQ726070.1,"Dengue virus type 2 isolate LET-1142, complete genome",DENV-2,,,2022,Homo sapiens,10723.0,True,,,legacy
OQ725734.1,"Dengue virus type 2 isolate LET-1127, complete genome",DENV-2,,,2022,Homo sapiens,10723.0,True,,,legacy
OQ725730.1,"Dengue virus type 2 isolate 03-2395, complete genome",DENV-2,,,2022,Homo sapiens,10723.0,True,,,legacy
OP909734.1,"Dengue virus type 2 isolate DENV2-16681-rcCap-NS1, complete genome",DENV-2,,,2020,Homo sapiens,10723.0,True,,,legacy
CAUJXG000000000.1,"Dengue virus type 3 isolate DENVSTP07, whole genome shotgun sequencing project",DENV-3,,,,,2.0,False,,,legacy
CAUJXE000000000.1,"Dengue virus type 3 isolate DENVSTP02, whole genome shotgun sequencing project",DENV-3,,,,,2.0,False,,,legacy
CAUJXB000000000.1,"Dengue virus type 3 isolate DENVSTP05, whole genome shotgun sequencing project",DENV-3,,,,,2.0,False,,,legacy
CAUJXF000000000.1,"Dengue virus type 3 isolate DENVSTP06, whole genome shotgun sequencing project",DENV-3,,,,,2.0,False,,,legacy
OR418423.1,"Dengue virus type 3 isolate 23GZ10604_D1_THA_F, complete genome",DENV-3,,,2023,Homo sapiens,10700.0,True,,,legacy
OR418422.1,"Dengue virus type 1 isolate 23GZ09930A_D1_F, complete genome",DENV-1,,,6-10,Homo sapiens,10734.0,True,,,legacy
OQ948474.1,"Dengue virus type 3 isolate DV3syn, complete genome",DENV-3,,,2019,Homo sapiens,10707.0,True,,,legacy
OQ782228.1,"Dengue virus type 2 isolate LLE8614, complete genome",DENV-2,,,2018,Homo sapiens,10724.0,True,,,legacy
OQ782227.1,"Dengue virus type 2 isolate 2220, complete genome",DENV-2,,,2018,Homo sapiens,10724.0,True,,,legacy
OQ782223.1,"Dengue virus type 2 isolate LLE1904, complete genome",DENV-2,,,2018,Homo sapiens,10724.0,True,,,legacy
OQ782222.1,"Dengue virus type 2 isolate LLE1879, complete genome",DENV-2,,,2018,Homo sapiens,10724.0,True,,,legacy
OQ782220.1,"Dengue virus type 2 isolate LLE8713, complete genome",DENV-2,,,2018,Homo sapiens,10724.0,True,,,legacy
OQ782219.1,"Dengue virus type 2 isolate LLE1877, complete genome",DENV-2,,,2018,Homo sapiens,10724.0,True,,,legacy
OQ782217.1,"Dengue virus type 2 isolate 8716, complete genome",DENV-2,,,2018,Homo sapiens,10724.0,True,,,legacy
OQ782203.1,"Dengue virus type 2 isolate 2204, complete genome",DENV-2,,,2018,Homo sapiens,10724.0,True,,,legacy
OQ603306.1,"Dengue virus type 3 isolate 449334, complete genome",DENV-3,,,2015,Homo sapiens,10708.0,True,,,legacy
OQ603290.1,"Dengue virus type 2 isolate 462966, complete genome",DENV-2,,,2016,Homo sapiens,10725.0,True,,,legacy
OQ603288.1,"Dengue virus type 2 isolate 452018, complete genome",DENV-2,,,2015,Homo sapiens,10725.0,True,,,legacy
OQ603281.1,"Dengue virus type 2 isolate 449308, complete genome",DENV-2,,,2015,Homo sapiens,10725.0,True,,,legacy
OQ603279.1,"Dengue virus type 2 isolate 434321, complete genome",DENV-2,,,2014,Homo sapiens,10725.0,True,,,legacy
OQ603277.1,"Dengue virus type 2 isolate 427516, complete genome",DENV-2,,,2013,Homo sapiens,10724.0,True,,,legacy
OQ603271.1,"Dengue virus type 2 isolate 423887, complete genome",DENV-2,,,2013,Homo sapiens,10723.0,True,,,legacy
OQ603269.1,"Dengue virus type 2 isolate 422091, complete genome",DENV-2,,,2013,Homo sapiens,10723.0,True,,,legacy
OM257419.1,"Dengue virus 2 isolate 017, complete genome",DENV-2,,,2017,Homo sapiens,10713.0,True,,,legacy
OM256481.1,"Dengue virus 2 isolate ML, complete genome",DENV-2,,,2017,Homo sapiens,10723.0,True,,,legacy
OM250394.1,"Dengue virus 1 isolate RL, complete genome",DENV-1,,,2017,Homo sapiens,10735.0,True,,,legacy
OQ652965.1,"Dengue virus type 2 isolate DENV2_YN_017, complete genome",DENV-2,,,2018,Homo sapiens,10710.0,True,,,legacy
OQ652964.1,"Dengue virus type 2 isolate DENV2_YN_MH, complete genome",DENV-2,,,2018,Homo sapiens,10723.0,True,,,legacy
MG721063.2,"Dengue virus type 1 strain R1_J10, complete genome",DENV-1,,,2016,Homo sapiens,10736.0,True,,,legacy
MG721062.2,"Dengue virus type 2 isolate R1_J46_DENV2, partial genome",DENV-2,,,2016,Homo sapiens,10469.0,False,,,legacy
MG721061.2,"Dengue virus type 3 strain R1_J51, partial genome",DENV-3,,,2016,Homo sapiens,10605.0,False,,,legacy
MG721060.2,"Dengue virus type 1 strain R1_J47, partial genome",DENV-1,,,2016,Homo sapiens,10615.0,False,,,legacy
MG721059.2,"Dengue virus type 3 strain R1_J18, partial genome",DENV-3,,,2016,Homo sapiens,10532.0,False,,,legacy
MG721058.2,"Dengue virus type 2 isolate R1_J45_DENV2, partial genome",DENV-2,,,2016,Homo sapiens,10637.0,False,,,legacy
MG721057.2,"Dengue virus type 2 isolate R1_J36_DENV2, partial genome",DENV-2,,,2016,Homo sapiens,10523.0,False,,,legacy
MG721056.2,"Dengue virus type 2 isolate R1_J30_DENV2, partial genome",DENV-2,,,2016,Homo sapiens,10631.0,False,,,legacy
MG721054.2,"Dengue virus type 2 isolate R1_J17_DENV2, complete genome",DENV-2,,,2016,Homo sapiens,10723.0,True,,,legacy
MG592698.2,"Dengue virus type 2 isolate R1_J15, partial genome",DENV-2,,,2016,,10575.0,False,,,legacy
MH822944.2,"Dengue virus type 2 isolate T14_S63_DENV2, complete genome",DENV-2,,,2012,Homo sapiens,10723.0,True,,,legacy
MH822943.2,"Dengue virus type 2 isolate T96_S84_DENV2, partial genome",DENV-2,,,2014,Homo sapiens,10580.0,False,,,legacy
MH822942.2,"Dengue virus type 2 isolate T82_S79_DENV2, partial genome",DENV-2,,,2014,Homo sapiens,10667.0,False,,,legacy
MH822941.2,"Dengue virus type 2 isolate T44_S74_DENV2, partial genome",DENV-2,,,2013,Homo sapiens,10601.0,False,,,legacy
MH822940.2,"Dengue virus type 2 isolate T81_S78_DENV2, partial genome",DENV-2,,,2014,Homo sapiens,10620.0,False,,,legacy
MH822939.2,"Dengue virus type 2 isolate T30_S70_DENV2, partial genome",DENV-2,,,2012,Homo sapiens,10628.0,False,,,legacy
MH822949.2,"Dengue virus type 2 isolate T90_S83_DENV2, complete genome",DENV-2,,,2014,Homo sapiens,10723.0,True,,,legacy
MH822948.2,"Dengue virus type 2 isolate T19_S66_DENV2, complete genome",DENV-2,,,2012,Homo sapiens,10721.0,True,,,legacy
MH822947.2,"Dengue virus type 2 isolate T5_S62_DENV2, complete genome",DENV-2,,,2012,Homo sapiens,10709.0,True,,,legacy
MH822946.2,"Dengue virus type 2 isolate T18_S65_DENV2, partial genome",DENV-2,,,2012,Homo sapiens,10634.0,False,,,legacy
MH822945.2,"Dengue virus type 2 isolate T20_S67_DENV2, partial genome",DENV-2,,,2012,Homo sapiens,10589.0,False,,,legacy
MH822954.2,"Dengue virus type 2 isolate T102_S87_DENV2, partial genome",DENV-2,,,2015,Homo sapiens,10631.0,False,,,legacy
MH822953.2,"Dengue virus type 2 isolate T105_S88_DENV2, partial genome",DENV-2,,,2015,Homo sapiens,10588.0,False,,,legacy
MH822952.2,"Dengue virus type 2 isolate T107_S90_DENV2, partial genome",DENV-2,,,2014,Homo sapiens,10642.0,False,,,legacy
MH822951.2,"Dengue virus type 2 isolate T46_S75_DENV2, partial genome",DENV-2,,,2013,Homo sapiens,10709.0,False,,,legacy
MH822950.2,"Dengue virus type 2 isolate T37_S71_DENV2, partial genome",DENV-2,,,2013,Homo sapiens,10580.0,False,,,legacy
MH822959.2,"Dengue virus type 1 strain T28_S69, complete genome",DENV-1,,,2012,Homo sapiens,10714.0,True,,,legacy
MH822958.2,"Dengue virus type 1 strain T24_S68, partial genome",DENV-1,,,2012,Homo sapiens,10619.0,False,,,legacy
MH822957.2,"Dengue virus type 3 strain T38_S72, partial genome",DENV-3,,,2013,Homo sapiens,10619.0,False,,,legacy
MH822956.2,"Dengue virus type 2 isolate T48_S76_DENV2, complete genome",DENV-2,,,2013,Homo sapiens,10723.0,True,,,legacy
MH822955.2,"Dengue virus type 2 isolate T89_S82_DENV2, complete genome",DENV-2,,,2014,Homo sapiens,10723.0,True,,,legacy
OM281599.1,"Dengue virus 1 isolate 002/SH/2020, complete genome",DENV-1,,,2020,Homo sapiens,10736.0,True,,,legacy
OM281598.1,"Dengue virus 1 isolate 144/SH/2019, complete genome",DENV-1,,,2019,Homo sapiens,10735.0,True,,,legacy
OM281597.1,"Dengue virus 1 isolate 137/SH/2019, complete genome",DENV-1,,,2019,Homo sapiens,10736.0,True,,,legacy
OM281596.1,"Dengue virus 1 isolate 132/SH/2019, complete genome",DENV-1,,,2019,Homo sapiens,10735.0,True,,,legacy
OM281595.1,"Dengue virus 1 isolate 128/SH/2019, complete genome",DENV-1,,,2019,Homo sapiens,10735.0,True,,,legacy
OM281594.1,"Dengue virus 1 isolate 123/SH/2019, complete genome",DENV-1,,,2019,Homo sapiens,10735.0,True,,,legacy
OM281593.1,"Dengue virus 1 isolate 098/SH/2019, complete genome",DENV-1,,,2019,Homo sapiens,10735.0,True,,,legacy
OM281592.1,"Dengue virus 1 isolate 095/SH/2019, complete genome",DENV-1,,,2019,Homo sapiens,10735.0,True,,,legacy
OM281591.1,"Dengue virus 1 isolate 094/SH/2019, complete genome",DENV-1,,,2019,Homo sapiens,10735.0,True,,,legacy
OM281590.1,"Dengue virus 1 isolate 092/SH/2019, complete genome",DENV-1,,,2019,Homo sapiens,10735.0,True,,,legacy
OM281589.1,"Dengue virus 1 isolate 090/SH/2019, complete genome",DENV-1,,,2019,Homo sapiens,10735.0,True,,,legacy
OM281588.1,"Dengue virus 1 isolate 074/SH/2019, complete genome",DENV-1,,,2019,Homo sapiens,10735.0,True,,,legacy
OM281587.1,"Dengue virus 1 isolate 073/SH/2019, complete genome",DENV-1,,,2019,Homo sapiens,10735.0,True,,,legacy
OM281586.1,"Dengue virus 1 isolate 068/SH/2019, complete genome",DENV-1,,,2019,Homo sapiens,10735.0,True,,,legacy
OM281585.1,"Dengue virus 1 isolate 067/SH/2019, complete genome",DENV-1,,,2019,Homo sapiens,10735.0,True,,,legacy
OM281584.1,"Dengue virus 1 isolate 057/SH/2019, complete genome",DENV-1,,,2019,Homo sapiens,10735.0,True,,,legacy
OM281583.1,"Dengue virus 1 isolate 055/SH/2019, complete genome",DENV-1,,,2019,Homo sapiens,10735.0,True,,,legacy
OM281582.1,"Dengue virus 1 isolate 053/SH/2019, complete genome",DENV-1,,,2019,Homo sapiens,10735.0,True,,,legacy
OM281581.1,"Dengue virus 1 isolate 049/SH/2019, complete genome",DENV-1,,,2019,Homo sapiens,10735.0,True,,,legacy
OM281580.1,"Dengue virus 1 isolate 046/SH/2019, complete genome",DENV-1,,,2019,Homo sapiens,10735.0,True,,,legacy
OM281579.1,"Dengue virus 1 isolate 030/SH/2019, complete genome",DENV-1,,,2019,Homo sapiens,10735.0,True,,,legacy
OM281578.1,"Dengue virus 1 isolate 025/SH/2019, complete genome",DENV-1,,,2019,Homo sapiens,10735.0,True,,,legacy
OM281577.1,"Dengue virus 1 isolate 024/SH/2019, complete genome",DENV-1,,,2019,Homo sapiens,10735.0,True,,,legacy
OM281576.1,"Dengue virus 1 isolate 023/SH/2019, complete genome",DENV-1,,,2019,Homo sapiens,10735.0,True,,,legacy
OM281575.1,"Dengue virus 1 isolate 022/SH/2019, complete genome",DENV-1,,,2019,Homo sapiens,10735.0,True,,,legacy
OM281574.1,"Dengue virus 1 isolate 066/SH/2018, complete genome",DENV-1,,,2018,Homo sapiens,10735.0,True,,,legacy
OM281573.1,"Dengue virus 1 isolate 045/SH/2018, complete genome",DENV-1,,,2018,Homo sapiens,10734.0,True,,,legacy
OM281572.1,"Dengue virus 1 isolate 043/SH/2018, complete genome",DENV-1,,,2018,Homo sapiens,10735.0,True,,,legacy
OM281571.1,"Dengue virus 1 isolate 042/SH/2018, complete genome",DENV-1,,,2018,Homo sapiens,10734.0,True,,,legacy
OM281570.1,"Dengue virus 1 isolate 038/SH/2018, complete genome",DENV-1,,,2018,Homo sapiens,10735.0,True,,,legacy
OM281569.1,"Dengue virus 1 isolate 037/SH/2018, complete genome",DENV-1,,,2018,Homo sapiens,10735.0,True,,,legacy
OQ101603.1,"Dengue virus type 2 isolate C2_2019_DENV-2, complete genome",DENV-2,,,2019,Homo sapiens,10725.0,True,,,legacy
ON799403.1,"Dengue virus type 4 isolate THSTI-TRC-DENV4-02, complete genome",DENV-4,,,2018,Homo sapiens,10649.0,True,,,legacy
ON799402.1,"Dengue virus type 4 isolate THSTI-TRC-DENV4-01, complete genome",DENV-4,,,2020,Homo sapiens,10649.0,True,,,legacy
ON799266.1,"Dengue virus type I isolate THSTI-TRC-DENV1-09, complete genome",DENV-1,,,2019,Homo sapiens,10735.0,True,,,legacy
ON123670.1,"Dengue virus type 3 isolate THSTI-TRC-DENV3-10, complete genome",DENV-3,,,2018,Homo sapiens,10707.0,True,,,legacy
ON123669.1,"Dengue virus type 3 isolate THSTI-TRC-DENV3-07, complete genome",DENV-3,,,2018,Homo sapiens,10707.0,True,,,legacy
ON123668.1,"Dengue virus type 4 isolate THSTI-TRC-DENV4-04, complete genome",DENV-4,,,2018,Homo sapiens,10649.0,True,,,legacy
ON123667.1,"Dengue virus type I isolate THSTI-TRC-DENV1-14, complete genome",DENV-1,,,2018,Homo sapiens,10735.0,True,,,legacy
ON123665.1,"Dengue virus type 3 isolate THSTI-TRC-DENV3-06, complete genome",DENV-3,,,2018,Homo sapiens,10707.0,True,,,legacy
ON123664.1,"Dengue virus type I isolate THSTI-TRC-DENV1-12, complete genome",DENV-1,,,2018,Homo sapiens,10735.0,True,,,legacy
ON123662.1,"Dengue virus type 3 isolate THSTI-TRC-DENV3-05, complete genome",DENV-3,,,2018,Homo sapiens,10707.0,True,,,legacy
ON123661.1,"Dengue virus type I isolate THSTI-TRC-DENV1-11, complete genome",DENV-1,,,2018,Homo sapiens,10735.0,True,,,legacy
ON123660.1,"Dengue virus type 3 isolate THSTI-TRC-DENV3-04, complete genome",DENV-3,,,2018,Homo sapiens,10707.0,True,,,legacy
ON123659.1,"Dengue virus type 3 isolate THSTI-TRC-DENV3-03, complete genome",DENV-3,,,2018,Homo sapiens,10707.0,True,,,legacy
ON123658.1,"Dengue virus type 3 isolate THSTI-TRC-DENV3-02, complete genome",DENV-3,,,2019,Homo sapiens,10707.0,True,,,legacy
ON123657.1,"Dengue virus type I isolate THSTI-TRC-DENV1-10, complete genome",DENV-1,,,2019,Homo sapiens,10735.0,True,,,legacy
ON123655.1,"Dengue virus type 3 isolate THSTI-TRC-DENV3-01, complete genome",DENV-3,,,2020,Homo sapiens,10707.0,True,,,legacy
ON123654.1,"Dengue virus type I isolate THSTI-TRC-DENV1-06, complete genome",DENV-1,,,2020,Homo sapiens,10735.0,True,,,legacy
ON123651.1,"Dengue virus type 2 isolate THSTI-TRC-DENV2-02, complete genome",DENV-2,,,2020,Homo sapiens,10723.0,True,,,legacy
ON123650.1,"Dengue virus type I isolate THSTI-TRC-DENV1-04, complete genome",DENV-1,,,2020,Homo sapiens,10735.0,True,,,legacy
ON123646.1,"Dengue virus type I isolate THSTI-TRC-DENV1-01, complete genome",DENV-1,,,2020,Homo sapiens,10735.0,True,,,legacy
LC436677.1,"Dengue virus type 3 B17-1479 RNA, nearly complete genome",DENV-3,,,7-10,Homo sapiens,10666.0,True,,,legacy
LC436676.1,"Dengue virus type 3 B17-1471 RNA, nearly complete genome",DENV-3,,,7-10,Homo sapiens,10666.0,True,,,legacy
LC436675.1,"Dengue virus type 2 B17-1634 RNA, nearly complete genome",DENV-2,,,7-12,Homo sapiens,10671.0,True,,,legacy
LC436674.1,"Dengue virus type 2 B17-1571 RNA, nearly complete genome",DENV-2,,,7-11,Homo sapiens,10671.0,True,,,legacy
LC436673.1,"Dengue virus type 2 B17-1556 RNA, nearly complete genome",DENV-2,,,7-11,Homo sapiens,10671.0,True,,,legacy
LC436672.1,"Dengue virus type 2 B17-1489 RNA, nearly complete genome",DENV-2,,,7-10,Homo sapiens,10671.0,True,,,legacy
LC436671.1,"Dengue virus type 2 B17-1482 RNA, nearly complete genome",DENV-2,,,7-10,Homo sapiens,10671.0,True,,,legacy
LC436670.1,"Dengue virus type 2 B17-1431 RNA, nearly complete genome",DENV-2,,,7-10,Homo sapiens,10671.0,True,,,legacy
LC436669.1,"Dengue virus type 2 B17-1357 RNA, nearly complete genome",DENV-2,,,7-10,Homo sapiens,10671.0,True,,,legacy
LC436668.1,"Dengue virus type I B17-1547 RNA, nearly complete genome",DENV-1,,,7-11,Homo sapiens,10673.0,True,,,legacy
LC436667.1,"Dengue virus type I B17-1387 RNA, nearly complete genome",DENV-1,,,7-10,Homo sapiens,10673.0,True,,,legacy
OL314747.1,"Dengue virus 4 isolate JBB-055, complete genome",DENV-4,,,2019,Homo sapiens,10653.0,True,,,legacy
OL314746.1,"Dengue virus 4 isolate JBB-051, complete genome",DENV-4,,,2019,Homo sapiens,10653.0,True,,,legacy
OL314745.1,"Dengue virus 4 isolate JBB-050, complete genome",DENV-4,,,2019,Homo sapiens,10653.0,True,,,legacy
OL314744.1,"Dengue virus 4 isolate JBB-049, complete genome",DENV-4,,,2019,Homo sapiens,10653.0,True,,,legacy
OL314743.1,"Dengue virus 4 isolate JBB-045, complete genome",DENV-4,,,2019,Homo sapiens,10653.0,True,,,legacy
OL314742.1,"Dengue virus 4 isolate JBB-044, complete genome",DENV-4,,,2019,Homo sapiens,10653.0,True,,,legacy
OL314741.1,"Dengue virus 4 isolate JBB-042, complete genome",DENV-4,,,2019,Homo sapiens,10653.0,True,,,legacy
OL314740.1,"Dengue virus 4 isolate JBB-037, complete genome",DENV-4,,,2019,Homo sapiens,10653.0,True,,,legacy
OL314739.1,"Dengue virus 4 isolate JBB-024, complete genome",DENV-4,,,2019,Homo sapiens,10653.0,True,,,legacy
OL314738.1,"Dengue virus 4 isolate JBB-023, complete genome",DENV-4,,,2019,Homo sapiens,10653.0,True,,,legacy
OL314737.1,"Dengue virus 4 isolate JBB-008, complete genome",DENV-4,,,2019,Homo sapiens,10653.0,True,,,legacy
OL314736.1,"Dengue virus 4 isolate JBB-007, complete genome",DENV-4,,,2019,Homo sapiens,10653.0,True,,,legacy
OL314735.1,"Dengue virus 4 isolate JBB-004, complete genome",DENV-4,,,2019,Homo sapiens,10653.0,True,,,legacy
MW396468.1,"Dengue virus type 3 isolate IN043, complete genome",DENV-3,,,7-07,Homo sapiens,10707.0,True,,,legacy
MW396465.1,"Dengue virus type 3 isolate IN003, complete genome",DENV-3,,,7-04,Homo sapiens,10707.0,True,,,legacy
OM202935.1,"UNVERIFIED: Dengue virus strain FDAARGOS_1655 clone Contig1, partial genome",,,,,,10314.0,False,,,legacy
OM202934.1,"UNVERIFIED: Dengue virus strain FDAARGOS_1655 clone Contig2, partial genome",,,,,,10460.0,False,,,legacy
OP411002.1,"Dengue virus type 4 isolate SG(EHI)D4/30932Y19, complete genome",DENV-4,,,2019,Homo sapiens,10653.0,True,,,legacy
OP411001.1,"Dengue virus type 4 isolate SG(EHI)D4/04645Y16, complete genome",DENV-4,,,2016,Homo sapiens,10653.0,True,,,legacy
OP411000.1,"Dengue virus type 4 isolate SG(EHI)D4/42224Y17, complete genome",DENV-4,,,2017,Homo sapiens,10648.0,True,,,legacy
OP410999.1,"Dengue virus type 4 isolate SG(EHI)D4/16693AUG09, complete genome",DENV-4,,,2009,Homo sapiens,10653.0,True,,,legacy
OP410998.1,"Dengue virus type 3 isolate SG(EHI)D3/09568Y18, complete genome",DENV-3,,,2018,Homo sapiens,10700.0,True,,,legacy
OP410997.1,"Dengue virus type 3 isolate SG(EHI)D3/04530Y19, complete genome",DENV-3,,,2019,Homo sapiens,10708.0,True,,,legacy
OP410995.1,"Dengue virus type 3 isolate SG(EHI)D3/44965Y14, complete genome",DENV-3,,,2014,Homo sapiens,10706.0,True,,,legacy
OP410994.1,"Dengue virus type 3 isolate SG(EHI)D3/05416Y13, complete genome",DENV-3,,,2013,Homo sapiens,10708.0,True,,,legacy
OP410993.1,"Dengue virus type 3 isolate SG(EHI)D3/1392Y08, complete genome",DENV-3,,,2008,Homo sapiens,10708.0,True,,,legacy
OP410992.1,"Dengue virus type 2 isolate SG(EHI)D2/43089Y16, complete genome",DENV-2,,,2016,Homo sapiens,10723.0,True,,,legacy
OP410991.1,"Dengue virus type 2 isolate SG(EHI)D2/44766Y17, complete genome",DENV-2,,,2017,Homo sapiens,10718.0,True,,,legacy
OP410990.1,"Dengue virus type 2 isolate SG(EHI)D2/41002Y19, complete genome",DENV-2,,,2019,Homo sapiens,10723.0,True,,,legacy
OP410989.1,"Dengue virus type 2 isolate SG(EHI)D2/0866Y07, complete genome",DENV-2,,,2007,Homo sapiens,10723.0,True,,,legacy
LC707382.1,"Dengue virus type I SYMAV-H0983 RNA, complete genome",DENV-1,,,6-30,Homo sapiens,10670.0,True,,,legacy
MZ215848.1,"Dengue virus 4 isolate DKE-121, complete genome",DENV-4,,,2007,Homo sapiens,10677.0,True,,,legacy
ON398847.1,"Dengue virus 2 isolate PUO-218, complete genome",DENV-2,,,1980,Homo sapiens,10723.0,True,,,legacy
MW721472.1,"Dengue virus 2 isolate GZ8H/2019116/2014/II, complete genome",DENV-2,,,4-10,Homo sapiens,10722.0,True,,,legacy
ON109597.1,"Dengue virus 1 isolate ICIDR92, complete genome",DENV-1,,,2021,Homo sapiens,10735.0,True,,,legacy
OM681318.1,"Dengue virus 2 isolate MCL-21-H-11408, complete genome",DENV-2,,,2021,Homo sapiens,10722.0,True,,,legacy
OM639982.1,"Dengue virus 2 isolate MCL-21-H-11025, complete genome",DENV-2,,,2021,Homo sapiens,10723.0,True,,,legacy
LC652828.1,"Dengue virus 1 Th15-DV1-TM014 genomic RNA, complete genome",DENV-1,,,5-11,Homo sapiens,10735.0,True,,,legacy
LC652827.1,"Dengue virus 1 Th15-DV1-TM002 genomic RNA, complete genome",DENV-1,,,5-11,Homo sapiens,10735.0,True,,,legacy
OL452067.1,"Dengue virus type 1 isolate DENV1-5_RIO_H_36589, complete genome",DENV-1,,,1988,Homo sapiens,10705.0,True,,,legacy
OK605771.1,"Dengue virus type 4 isolate DENV4-5_K_0036/94, complete genome",DENV-4,,,1994,Homo sapiens,10650.0,True,,,legacy
OK605770.1,"Dengue virus type 4 isolate DENV4-4_FSE_2098, complete genome",DENV-4,,,2006,Homo sapiens,10649.0,True,,,legacy
OK605769.1,"Dengue virus type 4 isolate DENV4-3_DAK_H_38550, complete genome",DENV-4,,,1983,Homo sapiens,10651.0,True,,,legacy
OK605768.1,"Dengue virus type 4 isolate DENV4-2_BE_H_403714, complete genome",DENV-4,,,1982,Homo sapiens,10649.0,True,,,legacy
OK605767.1,"Dengue virus type 4 isolate DENV4-1_1229, complete genome",DENV-4,,,1976,Homo sapiens,10648.0,True,,,legacy
OK605766.1,"Dengue virus type 3 isolate DENV3-5_S_162, complete genome",DENV-3,,,1993,Homo sapiens,10707.0,True,,,legacy
OK605765.1,"Dengue virus type 3 isolate DENV3-4_OBT_1477, complete genome",DENV-3,,,2001,Homo sapiens,10707.0,True,,,legacy
OK605764.1,"Dengue virus type 3 isolate DENV3-3_K_0077-94, complete genome",DENV-3,,,1994,Homo sapiens,10707.0,True,,,legacy
OK605763.1,"Dengue virus type 3 isolate DENV3-2_JKT_85-934, complete genome",DENV-3,,,1985,Homo sapiens,10707.0,True,,,legacy
OK605762.1,"Dengue virus type 3 isolate DENV3-1_FPA0099, complete genome",DENV-3,,,2007,Homo sapiens,10707.0,True,,,legacy
OK605761.1,"Dengue virus type 2 isolate DENV2-5_SP194589, complete genome",DENV-2,,,2000,Homo sapiens,10723.0,True,,,legacy
OK605760.1,"Dengue virus type 2 isolate DENV2-4_PH_H023-88, complete genome",DENV-2,,,1988,Homo sapiens,10722.0,True,,,legacy
OK605759.1,"Dengue virus type 2 isolate DENV2-3_K_0006-94, complete genome",DENV-2,,,1994,Homo sapiens,10724.0,True,,,legacy
OK605758.1,"Dengue virus type 2 isolate DENV2-2_INS_378816, complete genome",DENV-2,,,1998,Homo sapiens,10723.0,True,,,legacy
OK605757.1,"Dengue virus type 2 isolate DENV2-1_DAK_HD_76395, complete genome",DENV-2,,,1990,Homo sapiens,10724.0,True,,,legacy
OK605756.1,"Dengue virus type 1 isolate DENV1-4_FSE_2133, complete genome",DENV-1,,,2007,Homo sapiens,10735.0,True,,,legacy
OK605755.1,"Dengue virus type 1 isolate DENV1-3_C_0268-96, complete genome",DENV-1,,,1996,Homo sapiens,10735.0,True,,,legacy
OK605754.1,"Dengue virus type 1 isolate DENV1-2_BE_H_584526, complete genome",DENV-1,,,1997,Homo sapiens,10735.0,True,,,legacy
OK605753.1,"Dengue virus type 1 isolate DENV1-1_AUS_H_T1_9, complete genome",DENV-1,,,1983,Homo sapiens,10735.0,True,,,legacy
LC666718.1,"Dengue virus 2 F227/LEKMA/GH/2017 RNA, complete genome",DENV-2,,,2017,Homo sapiens,10724.0,True,,,legacy
OK448162.1,"Dengue virus type 1 isolate 10735, complete genome",DENV-1,,,2019,field Aedes albopictus,10738.0,True,,,legacy
OK605599.1,"Dengue virus 4 isolate DKE-121, complete genome",DENV-4,,,2007,African green monkey,10677.0,True,,,legacy
OK562728.1,"Dengue virus type 1 isolate guangzhou2019-3, complete genome",DENV-1,,,2019,Homo sapiens,10739.0,True,,,legacy
MW315195.1,"Dengue virus type 1 isolate New Caledonia-2017-AVS-NC-100.1, complete genome",DENV-1,,,2017,Homo sapiens,10734.0,True,,,legacy
MW315194.1,"Dengue virus type 1 isolate New Caledonia-2017-AVS-NC-094, complete genome",DENV-1,,,2017,Homo sapiens,10745.0,True,,,legacy
MW315191.1,"Dengue virus type 1 isolate New Caledonia-2017-AVS-NC-084, complete genome",DENV-1,,,2017,Homo sapiens,10735.0,True,,,legacy
MW315189.1,"Dengue virus type 1 isolate New Caledonia-2017-AVS-NC-079, complete genome",DENV-1,,,2017,Homo sapiens,10735.0,True,,,legacy
MW315188.1,"Dengue virus type 1 isolate New Caledonia-2017-AVS-NC-075, complete genome",DENV-1,,,2017,Homo sapiens,10735.0,True,,,legacy
MW315185.1,"Dengue virus type 1 isolate New Caledonia-2017-AVS-NC-069.1, complete genome",DENV-1,,,2017,Homo sapiens,10735.0,True,,,legacy
MW315183.1,"Dengue virus type 1 isolate New Caledonia-2017-AVS-NC-060, complete genome",DENV-1,,,2017,Homo sapiens,10735.0,True,,,legacy
MW315182.1,"Dengue virus type 1 isolate New Caledonia-2017-AVS-NC-056, complete genome",DENV-1,,,2017,Homo sapiens,10734.0,True,,,legacy
MW315181.1,"Dengue virus type 1 isolate New Caledonia-2016-AVS-NC-047.1, complete genome",DENV-1,,,2016,Homo sapiens,10745.0,True,,,legacy
MW315178.1,"Dengue virus type 1 isolate New Caledonia-2016-116145055, complete genome",DENV-1,,,2016,Homo sapiens,10734.0,True,,,legacy
MW315177.1,"Dengue virus type 1 isolate New Caledonia-2016-116110359, complete genome",DENV-1,,,2016,Homo sapiens,10735.0,True,,,legacy
MW315176.1,"Dengue virus type 1 isolate New Caledonia-2016-116075276, complete genome",DENV-1,,,2016,Homo sapiens,10735.0,True,,,legacy
MW315175.1,"Dengue virus type 1 isolate New Caledonia-2016-116032391-174, complete genome",DENV-1,,,2016,Homo sapiens,10741.0,True,,,legacy
MW315172.1,"Dengue virus type 1 isolate New Caledonia-2013-113011343-565, complete genome",DENV-1,,,2013,Homo sapiens,10735.0,True,,,legacy
MW577834.1,"Dengue virus type 2 isolate 188, complete genome",DENV-2,,,2011,Homo sapiens,10723.0,True,,,legacy
MW577833.1,"Dengue virus type 2 isolate 187, complete genome",DENV-2,,,2011,Homo sapiens,10723.0,True,,,legacy
MW577832.1,"Dengue virus type 2 isolate 186, complete genome",DENV-2,,,2010,Homo sapiens,10723.0,True,,,legacy
MW577831.1,"Dengue virus type 2 isolate 185, complete genome",DENV-2,,,2010,Homo sapiens,10725.0,True,,,legacy
MW577830.1,"Dengue virus type 2 isolate 184, complete genome",DENV-2,,,2019,Homo sapiens,10724.0,True,,,legacy
MW577825.1,"Dengue virus type 2 isolate 179, complete genome",DENV-2,,,2019,Homo sapiens,10724.0,True,,,legacy
MW577824.1,"Dengue virus type 2 isolate 178, complete genome",DENV-2,,,2019,Homo sapiens,10724.0,True,,,legacy
MW577823.1,"Dengue virus type 2 isolate 177, complete genome",DENV-2,,,2019,Homo sapiens,10724.0,True,,,legacy
MW577822.1,"Dengue virus type 2 isolate 175, complete genome",DENV-2,,,2019,Homo sapiens,10725.0,True,,,legacy
MW577821.1,"Dengue virus type 2 isolate 174, complete genome",DENV-2,,,2019,Homo sapiens,10724.0,True,,,legacy
MW577819.1,"Dengue virus type 2 isolate 172, complete genome",DENV-2,,,2019,Homo sapiens,10724.0,True,,,legacy
MW577818.1,"Dengue virus type 2 isolate 171, complete genome",DENV-2,,,2019,Homo sapiens,10724.0,True,,,legacy
MW577817.1,"Dengue virus type 2 isolate 170, complete genome",DENV-2,,,2019,Homo sapiens,10725.0,True,,,legacy
MW577816.1,"Dengue virus type 2 isolate 169, complete genome",DENV-2,,,2019,Homo sapiens,10724.0,True,,,legacy
MW577815.1,"Dengue virus type 2 isolate 168, complete genome",DENV-2,,,2019,Homo sapiens,10725.0,True,,,legacy
MW577813.1,"Dengue virus type 2 isolate 166, complete genome",DENV-2,,,2019,Homo sapiens,10725.0,True,,,legacy
MW512498.1,"Dengue virus type 2 isolate SG(EHI)D2/3725Y19, complete genome",DENV-2,,,2019,Homo sapiens,10721.0,True,,,legacy
MW512497.1,"Dengue virus type 2 isolate SG(EHI)D2/7344Y19, complete genome",DENV-2,,,2019,Homo sapiens,10721.0,True,,,legacy
MW512496.1,"Dengue virus type 2 isolate SG(EHI)D2/4238Y19, complete genome",DENV-2,,,2019,Homo sapiens,10721.0,True,,,legacy
MW512494.1,"Dengue virus type 2 isolate SG(EHI)D2/7537Y19, complete genome",DENV-2,,,2019,Homo sapiens,10723.0,True,,,legacy
MW512493.1,"Dengue virus type 2 isolate SG(EHI)D2/1897Y19, complete genome",DENV-2,,,2019,Homo sapiens,10723.0,True,,,legacy
MW512492.1,"Dengue virus type 2 isolate SG(EHI)D2/2038Y19, complete genome",DENV-2,,,2019,Homo sapiens,10723.0,True,,,legacy
MW512491.1,"Dengue virus type 2 isolate SG(EHI)D2/4143Y19, complete genome",DENV-2,,,2019,Homo sapiens,10723.0,True,,,legacy
MW512490.1,"Dengue virus type 2 isolate SG(EHI)D2/6437Y19, complete genome",DENV-2,,,2019,Homo sapiens,10723.0,True,,,legacy
MW512489.1,"Dengue virus type 2 isolate SG(EHI)D2/33136Y18, complete genome",DENV-2,,,2018,Homo sapiens,10723.0,True,,,legacy
MW512488.1,"Dengue virus type 2 isolate SG(EHI)D2/50047Y18, complete genome",DENV-2,,,2018,Homo sapiens,10721.0,True,,,legacy
MW512487.1,"Dengue virus type 2 isolate SG(EHI)D2/52478Y18, complete genome",DENV-2,,,2018,Homo sapiens,10721.0,True,,,legacy
MW512486.1,"Dengue virus type 2 isolate SG(EHI)D2/44357Y18, complete genome",DENV-2,,,2018,Homo sapiens,10721.0,True,,,legacy
MW512485.1,"Dengue virus type 2 isolate SG(EHI)D2/42870Y18, complete genome",DENV-2,,,2018,Homo sapiens,10723.0,True,,,legacy
MW512483.1,"Dengue virus type 2 isolate SG(EHI)D2/35295Y18, complete genome",DENV-2,,,2018,Homo sapiens,10723.0,True,,,legacy
MW512482.1,"Dengue virus type 2 isolate SG(EHI)D2/23307Y18, complete genome",DENV-2,,,2018,Homo sapiens,10713.0,True,,,legacy
MW512479.1,"Dengue virus type 2 isolate SG(EHI)D2/30533Y18, complete genome",DENV-2,,,2018,Homo sapiens,10723.0,True,,,legacy
MW512477.1,"Dengue virus type 2 isolate SG(EHI)D2/23127Y17, complete genome",DENV-2,,,2017,Homo sapiens,10723.0,True,,,legacy
MW512476.1,"Dengue virus type 2 isolate SG(EHI)D2/26393Y17, complete genome",DENV-2,,,2017,Homo sapiens,10723.0,True,,,legacy
MW512475.1,"Dengue virus type 2 isolate SG(EHI)D2/34054Y17, complete genome",DENV-2,,,2017,Homo sapiens,10723.0,True,,,legacy
MW512474.1,"Dengue virus type 2 isolate SG(EHI)D2/6407Y17, complete genome",DENV-2,,,2017,Homo sapiens,10723.0,True,,,legacy
MW512473.1,"Dengue virus type 2 isolate SG(EHI)D2/28876Y17, complete genome",DENV-2,,,2017,Homo sapiens,10723.0,True,,,legacy
MW512472.1,"Dengue virus type 2 isolate SG(EHI)D2/32479Y17, complete genome",DENV-2,,,2017,Homo sapiens,10723.0,True,,,legacy
MW512471.1,"Dengue virus type 2 isolate SG(EHI)D2/19665Y17, complete genome",DENV-2,,,2017,Homo sapiens,10723.0,True,,,legacy
MW512470.1,"Dengue virus type 2 isolate SG(EHI)D2/38114Y17, complete genome",DENV-2,,,2017,Homo sapiens,10718.0,True,,,legacy
MW512469.1,"Dengue virus type 2 isolate SG(EHI)D2/44766Y17, complete genome",DENV-2,,,2017,Homo sapiens,10718.0,True,,,legacy
MW512468.1,"Dengue virus type 2 isolate SG(EHI)D2/36248Y17, complete genome",DENV-2,,,2017,Homo sapiens,10723.0,True,,,legacy
MW512465.1,"Dengue virus type 2 isolate SG(EHI)D2/26254Y16, complete genome",DENV-2,,,2016,Homo sapiens,10723.0,True,,,legacy
MW512462.1,"Dengue virus type 2 isolate SG(EHI)D2/2204Y16, complete genome",DENV-2,,,2016,Homo sapiens,10723.0,True,,,legacy
MW512461.1,"Dengue virus type 2 isolate SG(EHI)D2/35114Y16, complete genome",DENV-2,,,2016,Homo sapiens,10723.0,True,,,legacy
MW512458.1,"Dengue virus type 2 isolate SG(EHI)D2/9637Y16, complete genome",DENV-2,,,2016,Homo sapiens,10723.0,True,,,legacy
MW512457.1,"Dengue virus type 2 isolate SG(EHI)D2/15033Y16, complete genome",DENV-2,,,2016,Homo sapiens,10723.0,True,,,legacy
MW512456.1,"Dengue virus type 2 isolate SG(EHI)D2/4869Y16, complete genome",DENV-2,,,2016,Homo sapiens,10723.0,True,,,legacy
MW512454.1,"Dengue virus type 2 isolate SG(EHI)D2/33808Y16, complete genome",DENV-2,,,2016,Homo sapiens,10723.0,True,,,legacy
MW512450.1,"Dengue virus type 2 isolate SG(EHI)D2/29864Y16, complete genome",DENV-2,,,2016,Homo sapiens,10723.0,True,,,legacy
MW512449.1,"Dengue virus type 2 isolate SG(EHI)D2/45975Y16, complete genome",DENV-2,,,2016,Homo sapiens,10723.0,True,,,legacy
MW512448.1,"Dengue virus type 2 isolate SG(EHI)D2/6406Y15, complete genome",DENV-2,,,2015,Homo sapiens,10723.0,True,,,legacy
MW512447.1,"Dengue virus type 2 isolate SG(EHI)D2/25169Y15, complete genome",DENV-2,,,2015,Homo sapiens,10723.0,True,,,legacy
MW512446.1,"Dengue virus type 2 isolate SG(EHI)D2/46338Y15, complete genome",DENV-2,,,2015,Homo sapiens,10723.0,True,,,legacy
MW512445.1,"Dengue virus type 2 isolate SG(EHI)D2/52797Y15, complete genome",DENV-2,,,2015,Homo sapiens,10723.0,True,,,legacy
MW512444.1,"Dengue virus type 2 isolate SG(EHI)D2/52507Y15, complete genome",DENV-2,,,2015,Homo sapiens,10723.0,True,,,legacy
MW512443.1,"Dengue virus type 2 isolate SG(EHI)D2/38380Y15, complete genome",DENV-2,,,2015,Homo sapiens,10723.0,True,,,legacy
MW512441.1,"Dengue virus type 2 isolate SG(EHI)D2/47064Y15, complete genome",DENV-2,,,2015,Homo sapiens,10723.0,True,,,legacy
MW512440.1,"Dengue virus type 2 isolate SG(EHI)D2/42530Y15, complete genome",DENV-2,,,2015,Homo sapiens,10723.0,True,,,legacy
MW512439.1,"Dengue virus type 2 isolate SG(EHI)D2/52595Y15, complete genome",DENV-2,,,2015,Homo sapiens,10723.0,True,,,legacy
MW512438.1,"Dengue virus type 2 isolate SG(EHI)D2/9849Y15, complete genome",DENV-2,,,2015,Homo sapiens,10723.0,True,,,legacy
MW512437.1,"Dengue virus type 2 isolate SG(EHI)D2/1488Y15, complete genome",DENV-2,,,2015,Homo sapiens,10723.0,True,,,legacy
MW512436.1,"Dengue virus type 2 isolate SG(EHI)D2/6218Y15, complete genome",DENV-2,,,2015,Homo sapiens,10723.0,True,,,legacy
MW512435.1,"Dengue virus type 2 isolate SG(EHI)D2/23941Y15, complete genome",DENV-2,,,2015,Homo sapiens,10723.0,True,,,legacy
MW512434.1,"Dengue virus type 2 isolate SG(EHI)D2/47803Y14, complete genome",DENV-2,,,2014,Homo sapiens,10723.0,True,,,legacy
MW512433.1,"Dengue virus type 2 isolate SG(EHI)D2/5916Y14, complete genome",DENV-2,,,2014,Homo sapiens,10723.0,True,,,legacy
MW512432.1,"Dengue virus type 2 isolate SG(EHI)D2/31789Y14, complete genome",DENV-2,,,2014,Homo sapiens,10723.0,True,,,legacy
MW512430.1,"Dengue virus type 2 isolate SG(EHI)D2/16081Y14, complete genome",DENV-2,,,2014,Homo sapiens,10723.0,True,,,legacy
MW512427.1,"Dengue virus type 2 isolate SG(EHI)D2/1954Y14, complete genome",DENV-2,,,2014,Homo sapiens,10723.0,True,,,legacy
MW512426.1,"Dengue virus type 2 isolate SG(EHI)D2/44236Y14, complete genome",DENV-2,,,2014,Homo sapiens,10723.0,True,,,legacy
MW512425.1,"Dengue virus type 2 isolate SG(EHI)D2/23779Y14, complete genome",DENV-2,,,2014,Homo sapiens,10723.0,True,,,legacy
MW512423.1,"Dengue virus type 2 isolate SG(EHI)D2/26722Y14, complete genome",DENV-2,,,2014,Homo sapiens,10723.0,True,,,legacy
MW512422.1,"Dengue virus type 2 isolate SG(EHI)D2/19386Y14, complete genome",DENV-2,,,2014,Homo sapiens,10723.0,True,,,legacy
MW512421.1,"Dengue virus type 2 isolate SG(EHI)D2/38972Y14, complete genome",DENV-2,,,2014,Homo sapiens,10723.0,True,,,legacy
MW512420.1,"Dengue virus type 2 isolate SG(EHI)D2/39061Y14, complete genome",DENV-2,,,2014,Homo sapiens,10723.0,True,,,legacy
MW512418.1,"Dengue virus type 2 isolate SG(EHI)D2/47001Y14, complete genome",DENV-2,,,2014,Homo sapiens,10723.0,True,,,legacy
MW512417.1,"Dengue virus type 2 isolate SG(EHI)D2/47312Y14, complete genome",DENV-2,,,2014,Homo sapiens,10723.0,True,,,legacy
MW512415.1,"Dengue virus type 2 isolate SG(EHI)D2/3278Y14, complete genome",DENV-2,,,2014,Homo sapiens,10723.0,True,,,legacy
MW512414.1,"Dengue virus type 2 isolate SG(EHI)D2/47654Y14, complete genome",DENV-2,,,2014,Homo sapiens,10723.0,True,,,legacy
MW512413.1,"Dengue virus type 2 isolate SG(EHI)D2/33428Y14, complete genome",DENV-2,,,2014,Homo sapiens,10723.0,True,,,legacy
MW512412.1,"Dengue virus type 2 isolate SG(EHI)D2/17554Y14, complete genome",DENV-2,,,2014,Homo sapiens,10723.0,True,,,legacy
MW512411.1,"Dengue virus type 2 isolate SG(EHI)D2/38070Y14, complete genome",DENV-2,,,2014,Homo sapiens,10723.0,True,,,legacy
MW512410.1,"Dengue virus type 2 isolate SG(EHI)D2/53583Y14, complete genome",DENV-2,,,2014,Homo sapiens,10723.0,True,,,legacy
MW512408.1,"Dengue virus type 2 isolate SG(EHI)D2/19439Y13, complete genome",DENV-2,,,2013,Homo sapiens,10723.0,True,,,legacy
MW512407.1,"Dengue virus type 2 isolate SG(EHI)D2/27898Y13, complete genome",DENV-2,,,2013,Homo sapiens,10723.0,True,,,legacy
MW512406.1,"Dengue virus type 2 isolate SG(EHI)D2/19089Y13, complete genome",DENV-2,,,2013,Homo sapiens,10723.0,True,,,legacy
MW512405.1,"Dengue virus type 2 isolate SG(EHI)D2/6547Y13, complete genome",DENV-2,,,2013,Homo sapiens,10723.0,True,,,legacy
MW512404.1,"Dengue virus type 2 isolate SG(EHI)D2/19091Y13, complete genome",DENV-2,,,2013,Homo sapiens,10723.0,True,,,legacy
MW512403.1,"Dengue virus type 2 isolate SG(EHI)D2/15356Y13, complete genome",DENV-2,,,2013,Homo sapiens,10723.0,True,,,legacy
MW512401.1,"Dengue virus type 2 isolate SG(EHI)D2/44173Y13, complete genome",DENV-2,,,2013,Homo sapiens,10723.0,True,,,legacy
MW512400.1,"Dengue virus type 2 isolate SG(EHI)D2/34994Y13, complete genome",DENV-2,,,2013,Homo sapiens,10723.0,True,,,legacy
MW512399.1,"Dengue virus type 2 isolate SG(EHI)D2/42954Y13, complete genome",DENV-2,,,2013,Homo sapiens,10723.0,True,,,legacy
MW512398.1,"Dengue virus type 2 isolate SG(EHI)D2/25506Y13, complete genome",DENV-2,,,2013,Homo sapiens,10723.0,True,,,legacy
MW512396.1,"Dengue virus type 2 isolate SG(EHI)D2/27383Y13, complete genome",DENV-2,,,2013,Homo sapiens,10723.0,True,,,legacy
MW512395.1,"Dengue virus type 2 isolate SG(EHI)D2/49117Y13, complete genome",DENV-2,,,2013,Homo sapiens,10723.0,True,,,legacy
MW512393.1,"Dengue virus type 2 isolate SG(EHI)D2/36915Y13, complete genome",DENV-2,,,2013,Homo sapiens,10723.0,True,,,legacy
MW512392.1,"Dengue virus type 2 isolate SG(EHI)D2/26676Y13, complete genome",DENV-2,,,2013,Homo sapiens,10723.0,True,,,legacy
MW512391.1,"Dengue virus type 2 isolate SG(EHI)D2/31771Y13, complete genome",DENV-2,,,2013,Homo sapiens,10723.0,True,,,legacy
MW512390.1,"Dengue virus type 2 isolate SG(EHI)D2/52338Y13, complete genome",DENV-2,,,2013,Homo sapiens,10723.0,True,,,legacy
MW512389.1,"Dengue virus type 2 isolate SG(EHI)D2/18944Y13, complete genome",DENV-2,,,2013,Homo sapiens,10723.0,True,,,legacy
MW512388.1,"Dengue virus type 2 isolate SG(EHI)D2/50583Y13, complete genome",DENV-2,,,2013,Homo sapiens,10723.0,True,,,legacy
MW512385.1,"Dengue virus type 2 isolate SG(EHI)D2/17716Y13, complete genome",DENV-2,,,2013,Homo sapiens,10723.0,True,,,legacy
MW512384.1,"Dengue virus type 2 isolate SG(EHI)D2/18169Y13, complete genome",DENV-2,,,2013,Homo sapiens,10723.0,True,,,legacy
MW512383.1,"Dengue virus type 2 isolate SG(EHI)D2/1389Y13, complete genome",DENV-2,,,2013,Homo sapiens,10723.0,True,,,legacy
MW512382.1,"Dengue virus type 2 isolate SG(EHI)D2/12271Y13, complete genome",DENV-2,,,2013,Homo sapiens,10723.0,True,,,legacy
MW512381.1,"Dengue virus type 2 isolate SG(EHI)D2/26494Y13, complete genome",DENV-2,,,2013,Homo sapiens,10723.0,True,,,legacy
MW512380.1,"Dengue virus type 2 isolate SG(EHI)D2/25959Y12, complete genome",DENV-2,,,2012,Homo sapiens,10723.0,True,,,legacy
MW512379.1,"Dengue virus type 2 isolate SG(EHI)D2/28358Y12, complete genome",DENV-2,,,2012,Homo sapiens,10723.0,True,,,legacy
MW512377.1,"Dengue virus type 2 isolate SG(EHI)D2/25698Y12, complete genome",DENV-2,,,2012,Homo sapiens,10723.0,True,,,legacy
MW512376.1,"Dengue virus type 2 isolate SG(EHI)D2/28912Y12, complete genome",DENV-2,,,2012,Homo sapiens,10723.0,True,,,legacy
MW512375.1,"Dengue virus type 2 isolate SG(EHI)D2/38228Y12, complete genome",DENV-2,,,2012,Homo sapiens,10723.0,True,,,legacy
MW512374.1,"Dengue virus type 2 isolate SG(EHI)D2/24747Y12, complete genome",DENV-2,,,2012,Homo sapiens,10723.0,True,,,legacy
MW512373.1,"Dengue virus type 2 isolate SG(EHI)D2/15086Y12, complete genome",DENV-2,,,2012,Homo sapiens,10723.0,True,,,legacy
MW512372.1,"Dengue virus type 2 isolate SG(EHI)D2/37051Y12, complete genome",DENV-2,,,2012,Homo sapiens,10723.0,True,,,legacy
MW512371.1,"Dengue virus type 2 isolate SG(EHI)D2/33647Y12, complete genome",DENV-2,,,2012,Homo sapiens,10723.0,True,,,legacy
MW512370.1,"Dengue virus type 2 isolate SG(EHI)D2/52209Y12, complete genome",DENV-2,,,2012,Homo sapiens,10723.0,True,,,legacy
MW512369.1,"Dengue virus type 2 isolate SG(EHI)D2/14864Y11, complete genome",DENV-2,,,2011,Homo sapiens,10723.0,True,,,legacy
MW512368.1,"Dengue virus type 2 isolate SG(EHI)D2/23221Y11, complete genome",DENV-2,,,2011,Homo sapiens,10723.0,True,,,legacy
MW512367.1,"Dengue virus type 2 isolate SG(EHI)D2/18574Y11, complete genome",DENV-2,,,2011,Homo sapiens,10723.0,True,,,legacy
MW512366.1,"Dengue virus type 2 isolate SG(EHI)D2/24200Y11, complete genome",DENV-2,,,2011,Homo sapiens,10723.0,True,,,legacy
MW512365.1,"Dengue virus type 2 isolate SG(EHI)D2/33455Y11, complete genome",DENV-2,,,2011,Homo sapiens,10723.0,True,,,legacy
MW512364.1,"Dengue virus type 2 isolate SG(EHI)D2/27914Y11, complete genome",DENV-2,,,2011,Homo sapiens,10723.0,True,,,legacy
MW512363.1,"Dengue virus type 2 isolate SG(EHI)D2/93047Y11, complete genome",DENV-2,,,2011,Homo sapiens,10723.0,True,,,legacy
MW512362.1,"Dengue virus type 2 isolate SG(EHI)D2/14865Y11, complete genome",DENV-2,,,2011,Homo sapiens,10723.0,True,,,legacy
MW512341.1,"Dengue virus type 2 isolate SG(EHI)D2/DS3189Y04, complete genome",DENV-2,,,2004,Homo sapiens,10723.0,True,,,legacy
MZ285732.1,"Dengue virus type 3 isolate dev1, complete genome",DENV-3,,,2019,Homo sapiens,10735.0,True,,,legacy
MZ284953.1,"Dengue virus type 3 isolate dev1, complete genome",DENV-3,,,2019,Homo sapiens,10735.0,True,,,legacy
MZ008467.1,"Dengue virus type 2 isolate D2/NI/5592_11A1/2015, complete genome",DENV-2,,,2015,Homo sapiens,10724.0,True,,,legacy
MZ008463.1,"Dengue virus type 2 isolate D2/NI/1670_1E/2013, complete genome",DENV-2,,,2013,Homo sapiens,10725.0,True,,,legacy
MW828678.1,"Dengue virus type 1 isolate 57BC, complete genome",DENV-1,,,2019,mosquito,10735.0,True,,,legacy
MW793460.1,"Dengue virus type 4 isolate 1036, complete genome",DENV-4,,,2021,Homo sapiens,10648.0,True,,,legacy
MW793459.1,"Dengue virus type 4 isolate PDK48, complete genome",DENV-4,,,2021,Homo sapiens,10648.0,True,,,legacy
MW186240.1,"Dengue virus type 2 isolate DENV2NMB, complete genome",DENV-2,,,2019,Homo sapiens,10723.0,True,,,legacy
MW186239.1,"Dengue virus type 2 isolate DENV2TSM, complete genome",DENV-2,,,2019,Homo sapiens,10723.0,True,,,legacy
MW362474.1,"Dengue virus type 1 isolate P3.3 Thailand 2005, complete genome",DENV-1,,,2005,Homo sapiens,10735.0,True,,,legacy
MW362471.1,"Dengue virus type 1 isolate P1 Thailand 2005, complete genome",DENV-1,,,2005,Homo sapiens,10735.0,True,,,legacy
MW582816.1,"Dengue virus type 1 isolate ZJWZ-62, complete genome",DENV-1,,,2019,Homo sapiens,10735.0,True,,,legacy
MW582815.1,"Dengue virus type 1 isolate ZJWZ-18, complete genome",DENV-1,,,2019,Homo sapiens,10735.0,True,,,legacy
MW582814.1,"Dengue virus type 1 isolate Cam-11, complete genome",DENV-1,,,2019,Homo sapiens,10735.0,True,,,legacy
MW582813.1,"Dengue virus type 1 isolate Cam-03, complete genome",DENV-1,,,2019,Homo sapiens,10735.0,True,,,legacy
MK783210.1,"Dengue virus 2 isolate GZ8H/31, complete genome",DENV-2,,,2018,Homo sapiens,10686.0,True,,,legacy
MK783209.1,"Dengue virus 2 isolate GZ8H/21, complete genome",DENV-2,,,2018,Homo sapiens,10658.0,True,,,legacy
MK783208.1,"Dengue virus 2 isolate GZ8H/36, complete genome",DENV-2,,,2018,Homo sapiens,10726.0,True,,,legacy
MK783207.1,"Dengue virus 2 isolate GZ8H/279, complete genome",DENV-2,,,2018,Homo sapiens,10680.0,True,,,legacy
MK783206.1,"Dengue virus 2 isolate GZ8H/213, complete genome",DENV-2,,,2018,Homo sapiens,10694.0,True,,,legacy
MK783205.1,"Dengue virus 2 isolate GZ8H/34, complete genome",DENV-2,,,2018,Homo sapiens,10683.0,True,,,legacy
MK783204.1,"Dengue virus 2 isolate GZ8H/162, complete genome",DENV-2,,,2018,Homo sapiens,10678.0,True,,,legacy
MK783203.1,"Dengue virus 2 isolate GZ8H/219, complete genome",DENV-2,,,2018,Homo sapiens,10683.0,True,,,legacy
MK783202.1,"Dengue virus 2 isolate GZ8H/215, complete genome",DENV-2,,,2018,Homo sapiens,10637.0,True,,,legacy
MK783201.1,"Dengue virus 2 isolate GZ8H/33, complete genome",DENV-2,,,2018,Homo sapiens,10683.0,True,,,legacy
MK783200.1,"Dengue virus 2 isolate GZ8H/25, complete genome",DENV-2,,,2017,Homo sapiens,10683.0,True,,,legacy
MK783199.1,"Dengue virus 2 isolate GZ8H/2713, complete genome",DENV-2,,,2018,Homo sapiens,10678.0,True,,,legacy
MK783198.1,"Dengue virus 2 isolate GZ8H/2718, complete genome",DENV-2,,,2018,Homo sapiens,10638.0,True,,,legacy
MK783197.1,"Dengue virus 2 isolate GZ8H/2716, complete genome",DENV-2,,,2018,Homo sapiens,10683.0,True,,,legacy
MK783196.1,"Dengue virus 2 isolate GZ8H/24, complete genome",DENV-2,,,2018,Homo sapiens,10679.0,True,,,legacy
MK783195.1,"Dengue virus 2 isolate GZ8H/218, complete genome",DENV-2,,,2018,Homo sapiens,10678.0,True,,,legacy
MK783194.1,"Dengue virus 2 isolate GZ8H/35, complete genome",DENV-2,,,2018,Homo sapiens,10679.0,True,,,legacy
MK783193.1,"Dengue virus 2 isolate GZ8H/214, complete genome",DENV-2,,,2018,Homo sapiens,10678.0,True,,,legacy
MK783192.1,"Dengue virus 2 isolate GZ8H/310, complete genome",DENV-2,,,2018,Homo sapiens,10683.0,True,,,legacy
MK783191.1,"Dengue virus 2 isolate GZ8H/1614, complete genome",DENV-2,,,2018,Homo sapiens,10678.0,True,,,legacy
MK783190.1,"Dengue virus 2 isolate GZ8H/1611, complete genome",DENV-2,,,2018,Homo sapiens,10674.0,True,,,legacy
MK783189.1,"Dengue virus 2 isolate GZ8H/29, complete genome",DENV-2,,,2017,Homo sapiens,10677.0,True,,,legacy
MW386867.1,"Dengue virus type 1 isolate YNDL02, complete genome",DENV-1,,,2019,Homo sapiens,10739.0,True,,,legacy
MW386865.1,"Dengue virus type 1 isolate YNBN04, complete genome",DENV-1,,,2019,Homo sapiens,10742.0,True,,,legacy
MN566112.1,"Dengue virus type 2 isolate New Caledonia-2018-AVS127, complete genome",DENV-2,,,2018,Homo sapiens,10722.0,True,,,legacy
MN566111.1,"Dengue virus type 2 isolate New Caledonia-2018-AVS123, complete genome",DENV-2,,,2018,Homo sapiens,10722.0,True,,,legacy
MN253125.1,"Dengue virus type 3 isolate MD_33_R4_DENV3_III_India, complete genome",DENV-3,,,2017,Homo sapiens,10651.0,True,,,legacy
MN294937.1,"Dengue virus type 2 isolate SA-JD-AS-BM4-16-2-A9, complete genome",DENV-2,,,2016,Aedes aegypti,10723.0,True,,,legacy
MT921571.1,"Dengue virus type 2 isolate PNG 2015b, complete genome",DENV-2,,,2015,Homo sapiens,10723.0,True,,,legacy
MN886874.1,"Dengue virus type 1 isolate GZ8H/2019077/2014/I, complete genome",DENV-1,,,1-30,Homo sapiens,10722.0,True,,,legacy
MN886870.1,"Dengue virus type 1 isolate GZ8H/2019069/2014/I, complete genome",DENV-1,,,1-30,Homo sapiens,10722.0,True,,,legacy
MN886865.1,"Dengue virus type 1 isolate GZ8H/2019055/2014/I, complete genome",DENV-1,,,1-30,Homo sapiens,10721.0,True,,,legacy
MT076955.1,"Dengue virus type 4 isolate KFA236, complete genome",DENV-4,,,2015,Homo sapiens,10648.0,True,,,legacy
MT076937.1,"Dengue virus type 2 isolate CFA298, complete genome",DENV-2,,,2015,Homo sapiens,10723.0,True,,,legacy
MT076935.1,"Dengue virus type 1 isolate CFA348, complete genome",DENV-1,,,2015,Homo sapiens,10735.0,True,,,legacy
MT076934.1,"Dengue virus type 1 isolate CFA346, complete genome",DENV-1,,,2015,Homo sapiens,10735.0,True,,,legacy
MT076933.1,"Dengue virus type 1 isolate CFA201, complete genome",DENV-1,,,2014,Homo sapiens,10735.0,True,,,legacy
MT076932.1,"Dengue virus type 1 isolate CFA193, complete genome",DENV-1,,,2014,Homo sapiens,10735.0,True,,,legacy
MT180479.1,"Dengue virus type 2 isolate 231/17kandy, complete genome",DENV-2,,,2017,Homo sapiens,10723.0,True,,,legacy
MT447147.1,"Dengue virus type 1 isolate DENV1-HMU-HKU-2, complete genome",DENV-1,,,2019,Homo sapiens,10737.0,True,,,legacy
LC379197.1,"Dengue virus 3 strain SYMAV-17/Gabon/2017 genomic RNA, complete genome",DENV-3,,,4-15,Homo sapiens,10641.0,True,,,legacy
LC379196.1,"Dengue virus 3 strain SYMAV-09/Gabon/2016 genomic RNA, complete genome",DENV-3,,,7-22,Homo sapiens,10663.0,True,,,legacy
LC379195.1,"Dengue virus 3 strain SYMAV-07/Gabon/2016 genomic RNA, complete genome",DENV-3,,,7-14,Homo sapiens,10663.0,True,,,legacy
LC379194.1,"Dengue virus 3 strain SYMAV-03/Gabon/2016 genomic RNA, complete genome",DENV-3,,,5-20,Homo sapiens,10663.0,True,,,legacy
LC379193.1,"Dengue virus 3 strain SYMAV-02/Gabon/2016 genomic RNA, complete genome",DENV-3,,,5-15,Homo sapiens,10663.0,True,,,legacy
MK517773.1,"Dengue virus type 2 isolate BeAr849487, complete genome",DENV-2,,,2017,Ae. (Stg.) aegypti,10646.0,True,,,legacy
KR052012.1,"Dengue virus strain Hb33/CHN/2014, complete genome",,,,2014,,10714.0,True,,,legacy
MN192436.1,"MAG: Dengue virus type 4 isolate Manatee_Florida_USA/MAG1/2016, complete genome",DENV-4,,,2016,Aedes aegypti,10650.0,True,,,legacy
MN018398.1,"Dengue virus type 4 isolate D16039, complete genome",DENV-4,,,2016,Homo sapiens; Dengue fever patient,10652.0,True,,,legacy
MN018397.1,"Dengue virus type 4 isolate D16004, complete genome",DENV-4,,,2016,Homo sapiens; Dengue fever patient,10652.0,True,,,legacy
MN018396.1,"Dengue virus type 4 isolate D151602, complete genome",DENV-4,,,2015,Homo sapiens; Dengue fever patient,10652.0,True,,,legacy
MN018395.1,"Dengue virus type 4 isolate D151453, complete genome",DENV-4,,,2015,Homo sapiens; Dengue fever patient,10652.0,True,,,legacy
MN018394.1,"Dengue virus type 4 isolate D151435, complete genome",DENV-4,,,2015,Homo sapiens; Dengue fever patient,10652.0,True,,,legacy
MN018393.1,"Dengue virus type 4 isolate D15312, complete genome",DENV-4,,,2015,Homo sapiens; Dengue fever patient,10652.0,True,,,legacy
MN018392.1,"Dengue virus type 4 isolate D15299, complete genome",DENV-4,,,2015,Homo sapiens; Dengue fever patient,10652.0,True,,,legacy
MN018391.1,"Dengue virus type 4 isolate D15047, complete genome",DENV-4,,,2015,Homo sapiens; Dengue fever patient,10652.0,True,,,legacy
MN018390.1,"Dengue virus type 4 isolate D13467, complete genome",DENV-4,,,2013,Homo sapiens; Dengue fever patient,10652.0,True,,,legacy
MN018389.1,"Dengue virus type 3 isolate D17011, complete genome",DENV-3,,,2017,Homo sapiens; Dengue fever patient,10708.0,True,,,legacy
MN018388.1,"Dengue virus type 3 isolate D17641, complete genome",DENV-3,,,2017,Homo sapiens; Dengue fever patient,10708.0,True,,,legacy
MN018387.1,"Dengue virus type 3 isolate D17139, complete genome",DENV-3,,,2017,Homo sapiens; Dengue fever patient,10708.0,True,,,legacy
MN018386.1,"Dengue virus type 3 isolate D13054, complete genome",DENV-3,,,2013,Homo sapiens; Dengue fever patient,10708.0,True,,,legacy
MN018385.1,"Dengue virus type 3 isolate D16154, complete genome",DENV-3,,,2016,Homo sapiens; Dengue fever patient,10708.0,True,,,legacy
MN018384.1,"Dengue virus type 3 isolate D16046, complete genome",DENV-3,,,2016,Homo sapiens; Dengue fever patient,10708.0,True,,,legacy
MN018383.1,"Dengue virus type 3 isolate D14014, complete genome",DENV-3,,,2014,Homo sapiens; Dengue fever patient,10708.0,True,,,legacy
MN018382.1,"Dengue virus type 3 isolate D16021, complete genome",DENV-3,,,2016,Homo sapiens; Dengue fever patient,10708.0,True,,,legacy
MN018381.1,"Dengue virus type 3 isolate D16016, complete genome",DENV-3,,,2016,Homo sapiens; Dengue fever patient,10708.0,True,,,legacy
MN018380.1,"Dengue virus type 3 isolate D151440, complete genome",DENV-3,,,2015,Homo sapiens; Dengue fever patient,10708.0,True,,,legacy
MN018379.1,"Dengue virus type 3 isolate D151448, complete genome",DENV-3,,,2015,Homo sapiens; Dengue fever patient,10708.0,True,,,legacy
MN018378.1,"Dengue virus type 3 isolate D151447, complete genome",DENV-3,,,2015,Homo sapiens; Dengue fever patient,10708.0,True,,,legacy
MN018377.1,"Dengue virus type 3 isolate D151660, complete genome",DENV-3,,,2015,Homo sapiens; Dengue fever patient,10708.0,True,,,legacy
MN018376.1,"Dengue virus type 3 isolate D151658, complete genome",DENV-3,,,2015,Homo sapiens; Dengue fever patient,10708.0,True,,,legacy
MN018375.1,"Dengue virus type 3 isolate D151655, complete genome",DENV-3,,,2015,Homo sapiens; Dengue fever patient,10708.0,True,,,legacy
MN018374.1,"Dengue virus type 3 isolate D151436, complete genome",DENV-3,,,2015,Homo sapiens; Dengue fever patient,10708.0,True,,,legacy
MN018373.1,"Dengue virus type 3 isolate D16006, complete genome",DENV-3,,,2016,Homo sapiens; Dengue fever patient,10708.0,True,,,legacy
MN018372.1,"Dengue virus type 3 isolate D16007, complete genome",DENV-3,,,2016,Homo sapiens; Dengue fever patient,10708.0,True,,,legacy
MN018371.1,"Dengue virus type 3 isolate D15043, complete genome",DENV-3,,,2015,Homo sapiens; Dengue fever patient,10708.0,True,,,legacy
MN018370.1,"Dengue virus type 3 isolate D15037, complete genome",DENV-3,,,2015,Homo sapiens; Dengue fever patient,10708.0,True,,,legacy
MN018369.1,"Dengue virus type 3 isolate D13146, complete genome",DENV-3,,,2013,Homo sapiens; Dengue fever patient,10708.0,True,,,legacy
MN018368.1,"Dengue virus type 3 isolate D13056, complete genome",DENV-3,,,2013,Homo sapiens; Dengue fever patient,10708.0,True,,,legacy
MN018367.1,"Dengue virus type 3 isolate D15118, complete genome",DENV-3,,,2015,Homo sapiens; Dengue fever patient,10708.0,True,,,legacy
MN018366.1,"Dengue virus type 2 isolate D151665, complete genome",DENV-2,,,2015,Homo sapiens; Dengue fever patient,10724.0,True,,,legacy
MN018365.1,"Dengue virus type 2 isolate D151663, complete genome",DENV-2,,,2015,Homo sapiens; Dengue fever patient,10724.0,True,,,legacy
MN018364.1,"Dengue virus type 2 isolate D16168, complete genome",DENV-2,,,2016,Homo sapiens; Dengue fever patient,10724.0,True,,,legacy
MN018363.1,"Dengue virus type 2 isolate D16161, complete genome",DENV-2,,,2016,Homo sapiens; Dengue fever patient,10724.0,True,,,legacy
MN018362.1,"Dengue virus type 2 isolate D14115, complete genome",DENV-2,,,2014,Homo sapiens; Dengue fever patient,10724.0,True,,,legacy
MN018361.1,"Dengue virus type 2 isolate D17024, complete genome",DENV-2,,,2017,Homo sapiens; Dengue fever patient,10724.0,True,,,legacy
MN018360.1,"Dengue virus type 2 isolate D17040, complete genome",DENV-2,,,2017,Homo sapiens; Dengue fever patient,10724.0,True,,,legacy
MN018359.1,"Dengue virus type 2 isolate D17038, complete genome",DENV-2,,,2017,Homo sapiens; Dengue fever patient,10724.0,True,,,legacy
MN018358.1,"Dengue virus type 2 isolate D16003, complete genome",DENV-2,,,2016,Homo sapiens; Dengue fever patient,10724.0,True,,,legacy
MN018357.1,"Dengue virus type 2 isolate D14003, complete genome",DENV-2,,,2014,Homo sapiens; Dengue fever patient,10724.0,True,,,legacy
MN018356.1,"Dengue virus type 2 isolate D14070, complete genome",DENV-2,,,2014,Homo sapiens; Dengue fever patient,10724.0,True,,,legacy
MN018355.1,"Dengue virus type 2 isolate D17029, complete genome",DENV-2,,,2017,Homo sapiens; Dengue fever patient,10724.0,True,,,legacy
MN018354.1,"Dengue virus type 2 isolate D17027, complete genome",DENV-2,,,2017,Homo sapiens; Dengue fever patient,10724.0,True,,,legacy
MN018353.1,"Dengue virus type 2 isolate D16027, complete genome",DENV-2,,,2016,Homo sapiens; Dengue fever patient,10724.0,True,,,legacy
MN018352.1,"Dengue virus type 2 isolate D15328, complete genome",DENV-2,,,2015,Homo sapiens; Dengue fever patient,10724.0,True,,,legacy
MN018351.1,"Dengue virus type 2 isolate D15024, complete genome",DENV-2,,,2015,Homo sapiens; Dengue fever patient,10724.0,True,,,legacy
MN018350.1,"Dengue virus type 2 isolate D16047, complete genome",DENV-2,,,2016,Homo sapiens; Dengue fever patient,10724.0,True,,,legacy
MN018349.1,"Dengue virus type 2 isolate D15023, complete genome",DENV-2,,,2015,Homo sapiens; Dengue fever patient,10724.0,True,,,legacy
MN018348.1,"Dengue virus type 2 isolate D16033, complete genome",DENV-2,,,2016,Homo sapiens; Dengue fever patient,10724.0,True,,,legacy
MN018347.1,"Dengue virus type 2 isolate D16158, complete genome",DENV-2,,,2016,Homo sapiens; Dengue fever patient,10724.0,True,,,legacy
MN018346.1,"Dengue virus type 2 isolate D16005, complete genome",DENV-2,,,2016,Homo sapiens; Dengue fever patient,10724.0,True,,,legacy
MN018345.1,"Dengue virus type 2 isolate D15341, complete genome",DENV-2,,,2015,Homo sapiens; Dengue fever patient,10724.0,True,,,legacy
MN018344.1,"Dengue virus type 2 isolate D17013, complete genome",DENV-2,,,2017,Homo sapiens; Dengue fever patient,10724.0,True,,,legacy
MN018343.1,"Dengue virus type 2 isolate D17007, complete genome",DENV-2,,,2017,Homo sapiens; Dengue fever patient,10724.0,True,,,legacy
MN018342.1,"Dengue virus type 2 isolate D17006, complete genome",DENV-2,,,2017,Homo sapiens; Dengue fever patient,10724.0,True,,,legacy
MN018341.1,"Dengue virus type 2 isolate D17025, complete genome",DENV-2,,,2017,Homo sapiens; Dengue fever patient,10724.0,True,,,legacy
MN018340.1,"Dengue virus type 2 isolate D16032, complete genome",DENV-2,,,2016,Homo sapiens; Dengue fever patient,10724.0,True,,,legacy
MN018339.1,"Dengue virus type 2 isolate D14005, complete genome",DENV-2,,,2014,Homo sapiens; Dengue fever patient,10724.0,True,,,legacy
MN018338.1,"Dengue virus type 2 isolate D15044, complete genome",DENV-2,,,2015,Homo sapiens; Dengue fever patient,10724.0,True,,,legacy
MN018337.1,"Dengue virus type 2 isolate D15030, complete genome",DENV-2,,,2015,Homo sapiens; Dengue fever patient,10724.0,True,,,legacy
MN018336.1,"Dengue virus type 1 isolate D16167, complete genome",DENV-1,,,2016,Homo sapiens; Dengue fever patient,10735.0,True,,,legacy
MN018335.1,"Dengue virus type 1 isolate D16166, complete genome",DENV-1,,,2016,Homo sapiens; Dengue fever patient,10735.0,True,,,legacy
MN018334.1,"Dengue virus type 1 isolate D16165, complete genome",DENV-1,,,2016,Homo sapiens; Dengue fever patient,10735.0,True,,,legacy
MN018333.1,"Dengue virus type 1 isolate D16164, complete genome",DENV-1,,,2016,Homo sapiens; Dengue fever patient,10735.0,True,,,legacy
MN018332.1,"Dengue virus type 1 isolate D16163, complete genome",DENV-1,,,2016,Homo sapiens; Dengue fever patient,10735.0,True,,,legacy
MN018331.1,"Dengue virus type 1 isolate D15046, complete genome",DENV-1,,,2015,Homo sapiens; Dengue fever patient,10735.0,True,,,legacy
MN018330.1,"Dengue virus type 1 isolate D15045, complete genome",DENV-1,,,2015,Homo sapiens; Dengue fever patient,10735.0,True,,,legacy
MN018329.1,"Dengue virus type 1 isolate D15033, complete genome",DENV-1,,,2015,Homo sapiens; Dengue fever patient,10735.0,True,,,legacy
MN018328.1,"Dengue virus type 1 isolate D14117, complete genome",DENV-1,,,2014,Homo sapiens; Dengue fever patient,10735.0,True,,,legacy
MN018327.1,"Dengue virus type 1 isolate D17510, complete genome",DENV-1,,,2017,Homo sapiens; Dengue fever patient,10735.0,True,,,legacy
MN018326.1,"Dengue virus type 1 isolate D17112, complete genome",DENV-1,,,2017,Homo sapiens; Dengue fever patient,10735.0,True,,,legacy
MN018325.1,"Dengue virus type 1 isolate D14016, complete genome",DENV-1,,,2014,Homo sapiens; Dengue fever patient,10735.0,True,,,legacy
MN018324.1,"Dengue virus type 1 isolate D14068, complete genome",DENV-1,,,2014,Homo sapiens; Dengue fever patient,10735.0,True,,,legacy
MN018323.1,"Dengue virus type 1 isolate D16025, complete genome",DENV-1,,,2016,Homo sapiens; Dengue fever patient,10735.0,True,,,legacy
MN018322.1,"Dengue virus type 1 isolate D15335, complete genome",DENV-1,,,2015,Homo sapiens; Dengue fever patient,10735.0,True,,,legacy
MN018321.1,"Dengue virus type 1 isolate D15334, complete genome",DENV-1,,,2015,Homo sapiens; Dengue fever patient,10735.0,True,,,legacy
MN018320.1,"Dengue virus type 1 isolate D15126, complete genome",DENV-1,,,2015,Homo sapiens; Dengue fever patient,10735.0,True,,,legacy
MN018319.1,"Dengue virus type 1 isolate D15009, complete genome",DENV-1,,,2015,Homo sapiens; Dengue fever patient,10735.0,True,,,legacy
MN018318.1,"Dengue virus type 1 isolate D16061, complete genome",DENV-1,,,2016,Homo sapiens; Dengue fever patient,10735.0,True,,,legacy
MN018317.1,"Dengue virus type 1 isolate D16048, complete genome",DENV-1,,,2016,Homo sapiens; Dengue fever patient,10735.0,True,,,legacy
MN018316.1,"Dengue virus type 1 isolate D15350, complete genome",DENV-1,,,2015,Homo sapiens; Dengue fever patient,10735.0,True,,,legacy
MN018315.1,"Dengue virus type 1 isolate D15340, complete genome",DENV-1,,,2015,Homo sapiens; Dengue fever patient,10735.0,True,,,legacy
MN018314.1,"Dengue virus type 1 isolate D16008, complete genome",DENV-1,,,2016,Homo sapiens; Dengue fever patient,10735.0,True,,,legacy
MN018313.1,"Dengue virus type 1 isolate D15125, complete genome",DENV-1,,,2015,Homo sapiens; Dengue fever patient,10735.0,True,,,legacy
MN018312.1,"Dengue virus type 1 isolate D15123, complete genome",DENV-1,,,2015,Homo sapiens; Dengue fever patient,10735.0,True,,,legacy
MN018311.1,"Dengue virus type 1 isolate D15122, complete genome",DENV-1,,,2015,Homo sapiens; Dengue fever patient,10735.0,True,,,legacy
MN018310.1,"Dengue virus type 1 isolate D14156, complete genome",DENV-1,,,2014,Homo sapiens; Dengue fever patient,10735.0,True,,,legacy
MN018309.1,"Dengue virus type 1 isolate D14088, complete genome",DENV-1,,,2014,Homo sapiens; Dengue fever patient,10735.0,True,,,legacy
MN018308.1,"Dengue virus type 1 isolate D14019, complete genome",DENV-1,,,2014,Homo sapiens; Dengue fever patient,10735.0,True,,,legacy
MN018307.1,"Dengue virus type 1 isolate D15349, complete genome",DENV-1,,,2015,Homo sapiens; Dengue fever patient,10735.0,True,,,legacy
MN018306.1,"Dengue virus type 1 isolate D17090, complete genome",DENV-1,,,2017,Homo sapiens; Dengue fever patient,10735.0,True,,,legacy
MN018305.1,"Dengue virus type 1 isolate D16017, complete genome",DENV-1,,,2016,Homo sapiens; Dengue fever patient,10735.0,True,,,legacy
MN018304.1,"Dengue virus type 1 isolate D15308, complete genome",DENV-1,,,2015,Homo sapiens; Dengue fever patient,10735.0,True,,,legacy
MN018303.1,"Dengue virus type 1 isolate D15305, complete genome",DENV-1,,,2015,Homo sapiens; Dengue fever patient,10735.0,True,,,legacy
MN018302.1,"Dengue virus type 1 isolate D15014, complete genome",DENV-1,,,2015,Homo sapiens; Dengue fever patient,10735.0,True,,,legacy
MN018301.1,"Dengue virus type 1 isolate D14223, complete genome",DENV-1,,,2014,Homo sapiens; Dengue fever patient,10735.0,True,,,legacy
MN018300.1,"Dengue virus type 1 isolate D14127, complete genome",DENV-1,,,2014,Homo sapiens; Dengue fever patient,10735.0,True,,,legacy
MN018299.1,"Dengue virus type 1 isolate D14063, complete genome",DENV-1,,,2014,Homo sapiens; Dengue fever patient,10735.0,True,,,legacy
MN018298.1,"Dengue virus type 1 isolate D17103, complete genome",DENV-1,,,2017,Homo sapiens; Dengue fever patient,10735.0,True,,,legacy
MN018297.1,"Dengue virus type 1 isolate D17026, complete genome",DENV-1,,,2017,Homo sapiens; Dengue fever patient,10735.0,True,,,legacy
MN018296.1,"Dengue virus type 1 isolate D15121, complete genome",DENV-1,,,2015,Homo sapiens; Dengue fever patient,10735.0,True,,,legacy
MN018295.1,"Dengue virus type 1 isolate D15025, complete genome",DENV-1,,,2015,Homo sapiens; Dengue fever patient,10735.0,True,,,legacy
MN018294.1,"Dengue virus type 1 isolate D14173, complete genome",DENV-1,,,2014,Homo sapiens; Dengue fever patient,10735.0,True,,,legacy
MN018293.1,"Dengue virus type 1 isolate D14001, complete genome",DENV-1,,,2014,Homo sapiens; Dengue fever patient,10735.0,True,,,legacy
MN018292.1,"Dengue virus type 1 isolate D17037, complete genome",DENV-1,,,2017,Homo sapiens; Dengue fever patient,10735.0,True,,,legacy
MN018291.1,"Dengue virus type 1 isolate D17018, complete genome",DENV-1,,,2017,Homo sapiens; Dengue fever patient,10735.0,True,,,legacy
MN018290.1,"Dengue virus type 1 isolate D16216, complete genome",DENV-1,,,2016,Homo sapiens; Dengue fever patient,10735.0,True,,,legacy
MN018289.1,"Dengue virus type 1 isolate D16009, complete genome",DENV-1,,,2016,Homo sapiens; Dengue fever patient,10735.0,True,,,legacy
MN018288.1,"Dengue virus type 1 isolate D16001, complete genome",DENV-1,,,2016,Homo sapiens; Dengue fever patient,10735.0,True,,,legacy
MN018287.1,"Dengue virus type 1 isolate D14002, complete genome",DENV-1,,,2014,Homo sapiens; Dengue fever patient,10735.0,True,,,legacy
MN018286.1,"Dengue virus type 1 isolate D16152, complete genome",DENV-1,,,2016,Homo sapiens; Dengue fever patient,10735.0,True,,,legacy
MN018285.1,"Dengue virus type 1 isolate D15446, complete genome",DENV-1,,,2015,Homo sapiens; Dengue fever patient,10735.0,True,,,legacy
KJ579245.1,"Dengue virus type 4 strain DENV-4/MT/BR23_TVP17909/2012, complete genome",DENV-4,,,2012,Homo sapiens,10649.0,True,,,legacy
KJ596658.1,"Dengue virus type 4 strain DENV-4/MT/BR33_TVP17919/2012 isolate serum_33, complete genome",DENV-4,,,2012,Homo sapiens,10649.0,True,,,legacy
KJ596659.1,"Dengue virus type 4 strain DENV-4/MT/BR35_TVP17921/2012 isolate serum_35, complete genome",DENV-4,,,2012,Homo sapiens,10649.0,True,,,legacy
KJ596660.1,"Dengue virus type 4 strain DENV-4/MT/BR40_TVP17926/2012 isolate serum_40, complete genome",DENV-4,,,2012,Homo sapiens,10649.0,True,,,legacy
KJ596661.1,"Dengue virus type 4 strain DENV-4/MT/BR44_TVP17930/2012 isolate serum_44, complete genome",DENV-4,,,2012,Homo sapiens,10649.0,True,,,legacy
KJ596662.1,"Dengue virus type 4 strain DENV-4/MT/BR47_TVP17933/2012 isolate serum_47, complete genome",DENV-4,,,2012,Homo sapiens,10649.0,True,,,legacy
KJ596663.1,"Dengue virus type 4 strain DENV-4/MT/BR48_TVP17934/2012 isolate serum_48, complete genome",DENV-4,,,2012,Homo sapiens,10649.0,True,,,legacy
KJ596664.1,"Dengue virus type 4 strain DENV-4/MT/BR50_TVP18148/2012 isolate serum_50, complete genome",DENV-4,,,2012,Homo sapiens,10649.0,True,,,legacy
KJ596665.1,"Dengue virus type 4 strain DENV-4/MT/BR52_TVP17938/2012 isolate serum_52, complete genome",DENV-4,,,2012,Homo sapiens,10649.0,True,,,legacy
KJ596666.1,"Dengue virus type 4 strain DENV-4/MT/BR53_TVP17939/2012 isolate serum_53, complete genome",DENV-4,,,2012,Homo sapiens,10649.0,True,,,legacy
KJ596667.1,"Dengue virus type 4 strain DENV-4/MT/BR55_TVP17941/2012 isolate serum_55, complete genome",DENV-4,,,2012,Homo sapiens,10649.0,True,,,legacy
KJ596668.1,"Dengue virus type 4 strain DENV-4/MT/BR60_TVP17946/2012 isolate serum_60, complete genome",DENV-4,,,2012,Homo sapiens,10649.0,True,,,legacy
KJ596669.1,"Dengue virus type 4 strain DENV-4/MT/BR73_TVP17951/2012 isolate serum_73, complete genome",DENV-4,,,2012,Homo sapiens,10649.0,True,,,legacy
KJ596670.1,"Dengue virus type 4 strain DENV-4/MT/BR76_TVP17953/2012 isolate serum_76, complete genome",DENV-4,,,2012,Homo sapiens,10649.0,True,,,legacy
KJ596671.1,"Dengue virus type 4 strain DENV-4/MT/BR84_TVP17961/2012 isolate serum_84, complete genome",DENV-4,,,2012,Homo sapiens,10649.0,True,,,legacy
KJ596672.1,"Dengue virus type 4 strain DENV-4/MT/BR91_TVP17968/2012 isolate serum_91, complete genome",DENV-4,,,2012,Homo sapiens,10649.0,True,,,legacy
KJ596673.1,"Dengue virus type 4 strain DENV-4/MT/BR92_TVP17969/2012 isolate serum_92, complete genome",DENV-4,,,2012,Homo sapiens,10649.0,True,,,legacy
KJ596674.1,"Dengue virus type 4 strain DENV-4/MT/BR94_TVP17971/2012 isolate serum_94, complete genome",DENV-4,,,2012,Homo sapiens,10649.0,True,,,legacy
KJ579248.1,"Dengue virus type 4 strain DENV-4/MT/BR28_TVP17914/2012 isolate serum_28, complete genome",DENV-4,,,2012,Homo sapiens,10649.0,True,,,legacy
KJ579247.1,"Dengue virus type 4 strain DENV-4/MT/BR27_TVP17913/2012 isolate serum_27, complete genome",DENV-4,,,2012,Homo sapiens,10650.0,True,,,legacy
KJ579246.1,"Dengue virus type 4 strain DENV-4/MT/BR24_TVP17910/2012 isolate serum_24, complete genome",DENV-4,,,2012,Homo sapiens,10649.0,True,,,legacy
KJ579244.1,"Dengue virus type 4 strain DENV-4/MT/BR20_TVP17906/2012 isolate serum_20, complete genome",DENV-4,,,2012,Homo sapiens,10649.0,True,,,legacy
KJ579243.1,"Dengue virus type 4 strain DENV-4/MT/BR12_TVP17898/2012 isolate serum_12, complete genome",DENV-4,,,2012,Homo sapiens,10649.0,True,,,legacy
KJ579242.1,"Dengue virus type 4 strain DENV-4/MT/BR9_TVP17895/2012 isolate serum_9, complete genome",DENV-4,,,2012,Homo sapiens,10649.0,True,,,legacy
KJ579241.1,"Dengue virus type 4 strain DENV-4/MT/BR8_TVP17894/2012 isolate serum_8, complete genome",DENV-4,,,2012,Homo sapiens,10649.0,True,,,legacy
KJ579240.1,"Dengue virus type 4 strain DENV-4/MT/BR2_TVP17888/2012 isolate serum_2, complete genome",DENV-4,,,2012,Homo sapiens,10649.0,True,,,legacy
JN819404.1,"Dengue virus 2 isolate DENV-2/BR/BID-V3580/2008, complete genome",DENV-2,,,2008,Homo sapiens,10523.0,True,,,legacy
MH891772.1,"Dengue virus type 2 isolate MCVR1233AD/2017, complete genome",DENV-2,,,2017,Homo sapiens,10510.0,True,,,legacy
MH891771.1,"Dengue virus type 1 isolate MCVR1715AD/2017, complete genome",DENV-1,,,2017,Homo sapiens,10623.0,True,,,legacy
MH891770.1,"Dengue virus type 2 isolate MCVR7291AD/2018, complete genome",DENV-2,,,2018,Homo sapiens,10446.0,True,,,legacy
MH891769.1,"Dengue virus type 4 isolate MCVR4454AC/2017, complete genome",DENV-4,,,2017,Homo sapiens,10403.0,True,,,legacy
MH891768.1,"Dengue virus type 2 isolate MCVR2188AB/2016, complete genome",DENV-2,,,2016,Homo sapiens,10716.0,True,,,legacy
MH891767.1,"Dengue virus type 1 isolate MCVR0543AC/2017, complete genome",DENV-1,,,2017,Homo sapiens,10764.0,True,,,legacy
MH891766.1,"Dengue virus type 3 isolate MCVR7048AB/2017, complete genome",DENV-3,,,2017,Homo sapiens,10764.0,True,,,legacy
MK005258.1,"Dengue virus type 3 isolate MS12007786, complete genome",DENV-3,,,2014,Homo sapiens,10657.0,True,,,legacy
MF940253.1,"Dengue virus type 2 isolate YN110123, complete genome",DENV-2,,,2015,,10716.0,True,,,legacy
MF940252.1,"Dengue virus type 2 isolate YN103032, complete genome",DENV-2,,,2015,,10716.0,True,,,legacy
MF940251.1,"Dengue virus type 2 isolate YN103031, complete genome",DENV-2,,,2015,,10716.0,True,,,legacy
MF940250.1,"Dengue virus type 2 isolate YN102823, complete genome",DENV-2,,,2015,,10716.0,True,,,legacy
MF940249.1,"Dengue virus type 2 isolate YN102006, complete genome",DENV-2,,,2015,,10716.0,True,,,legacy
MF940248.1,"Dengue virus type 2 isolate YN102003, complete genome",DENV-2,,,2015,,10716.0,True,,,legacy
MF940247.1,"Dengue virus type 2 isolate YN101907, complete genome",DENV-2,,,2015,,10716.0,True,,,legacy
MF940246.1,"Dengue virus type 2 isolate YN101824, complete genome",DENV-2,,,2015,,10716.0,True,,,legacy
MF940245.1,"Dengue virus type 2 isolate YN101816, complete genome",DENV-2,,,2015,,10716.0,True,,,legacy
MF940244.1,"Dengue virus type 2 isolate YN101809, complete genome",DENV-2,,,2015,,10716.0,True,,,legacy
MF940243.1,"Dengue virus type 2 isolate YN101805, complete genome",DENV-2,,,2015,,10716.0,True,,,legacy
MF940242.1,"Dengue virus type 2 isolate YN101711, complete genome",DENV-2,,,2015,,10716.0,True,,,legacy
MF940241.1,"Dengue virus type 2 isolate YN101628, complete genome",DENV-2,,,2015,,10716.0,True,,,legacy
MF940240.1,"Dengue virus type 2 isolate YN101623, complete genome",DENV-2,,,2015,,10716.0,True,,,legacy
MF940239.1,"Dengue virus type 2 isolate YN101512, complete genome",DENV-2,,,2015,,10716.0,True,,,legacy
MF940238.1,"Dengue virus type 2 isolate YN101024, complete genome",DENV-2,,,2015,,10716.0,True,,,legacy
MF940237.1,"Dengue virus type 2 isolate YN100924, complete genome",DENV-2,,,2015,,10716.0,True,,,legacy
MF940236.1,"Dengue virus type 2 isolate YN100717, complete genome",DENV-2,,,2015,,10716.0,True,,,legacy
MN272405.1,"Dengue virus type 2 isolate RU16417, complete genome",DENV-2,,,2016,Homo sapiens,10724.0,True,,,legacy
MN272404.1,"Dengue virus type 2 isolate RUJul, complete genome",DENV-2,,,2018,Homo sapiens,10724.0,True,,,legacy
MN328061.1,"Dengue virus type 2 isolate CHRF_DenV002, partial genome",DENV-2,,,2019,Homo sapiens,10699.0,False,,,legacy
MN239505.1,"Dengue virus type 2 isolate BD-RP, complete genome",DENV-2,,,2019,Homo sapiens,10664.0,True,,,legacy
MH827554.1,"Dengue virus type 2 isolate D2/China/GDzh/GD17040/2017, complete genome",DENV-2,,,2017,Homo sapiens,10724.0,True,,,legacy
MH827553.1,"Dengue virus type 2 isolate D2/China/GDzh/GD17038/2017, complete genome",DENV-2,,,2017,Homo sapiens,10724.0,True,,,legacy
MH827552.1,"Dengue virus type 2 isolate D2/China/GDgz/GD17007/2017(Thailand), complete genome",DENV-2,,,2017,Homo sapiens,10724.0,True,,,legacy
MH827551.1,"Dengue virus type 2 isolate D2/China/GDgz/GD17006/2017(Maldives), complete genome",DENV-2,,,2017,Homo sapiens,10724.0,True,,,legacy
MH827550.1,"Dengue virus type 2 isolate D2/China/GDsz/GD17029/2017, complete genome",DENV-2,,,2017,Homo sapiens,10724.0,True,,,legacy
MH827549.1,"Dengue virus type 2 isolate D2/China/GDsz/GD17027/2017, complete genome",DENV-2,,,2017,Homo sapiens,10724.0,True,,,legacy
MH827548.1,"Dengue virus type 2 isolate D2/China/GDfs/GD17025/2017(Maldives), complete genome",DENV-2,,,2017,Homo sapiens,10724.0,True,,,legacy
MH827547.1,"Dengue virus type 2 isolate D2/China/GDzq/GD17024/2017(Malaysia), complete genome",DENV-2,,,2017,Homo sapiens,10724.0,True,,,legacy
MH827546.1,"Dengue virus type 2 isolate D2/China/GDgz/GD17013/2017(Thailand), complete genome",DENV-2,,,2017,Homo sapiens,10724.0,True,,,legacy
MH827545.1,"Dengue virus type 2 isolate D2/China/GDzs/GD16168/2016(Philippines), complete genome",DENV-2,,,2017,Homo sapiens,10724.0,True,,,legacy
MH827544.1,"Dengue virus type 2 isolate D2/China/GDzs/GD16161/2016(New_Guinea), complete genome",DENV-2,,,2017,Homo sapiens,10724.0,True,,,legacy
MH827543.1,"Dengue virus type 2 isolate D2/China/GDqy/GD16158/2016, complete genome",DENV-2,,,2017,Homo sapiens,10724.0,True,,,legacy
MH827542.1,"Dengue virus type 2 isolate D2/China/GDst/GD16047/2016, complete genome",DENV-2,,,2017,Homo sapiens,10724.0,True,,,legacy
MH827541.1,"Dengue virus type 2 isolate D2/China/GDsd/GD16033/2016, complete genome",DENV-2,,,2017,Homo sapiens,10724.0,True,,,legacy
MH827540.1,"Dengue virus type 2 isolate D2/China/GDfs/GD16032/2016, complete genome",DENV-2,,,2017,Homo sapiens,10724.0,True,,,legacy
MH827538.1,"Dengue virus type 2 isolate D2/China/GD_/GD151665/2015, complete genome",DENV-2,,,2017,Homo sapiens,10724.0,True,,,legacy
MH827537.1,"Dengue virus type 2 isolate D2/China/GD_/GD151663/2015, complete genome",DENV-2,,,2017,Homo sapiens,10724.0,True,,,legacy
MH827536.1,"Dengue virus type 2 isolate D2/China/GDmm/D16005/2016(Malaysia), complete genome",DENV-2,,,2017,Homo sapiens,10724.0,True,,,legacy
MH827535.1,"Dengue virus type 2 isolate D2/China/GDzh/D16003/2016(Tailand), complete genome",DENV-2,,,2017,Homo sapiens,10724.0,True,,,legacy
MH827534.1,"Dengue virus type 2 isolate D2/China/GDsz/D15328/2015(Taiwan), complete genome",DENV-2,,,2017,Homo sapiens,10724.0,True,,,legacy
MH827533.1,"Dengue virus type 2 isolate D2/China/GDcz/D15044/2015, complete genome",DENV-2,,,2017,Homo sapiens,10724.0,True,,,legacy
MH827532.1,"Dengue virus type 2 isolate D2/China/GDmm/D15341/2015(Myanmar), complete genome",DENV-2,,,2017,Homo sapiens,10724.0,True,,,legacy
MH827531.1,"Dengue virus type 2 isolate D2/China/GDzs/D14115/2014, complete genome",DENV-2,,,2017,Homo sapiens,10724.0,True,,,legacy
MH827530.1,"Dengue virus type 2 isolate D2/China/GDyf/D14070/2014, complete genome",DENV-2,,,2017,Homo sapiens,10724.0,True,,,legacy
MH827529.1,"Dengue virus type 2 isolate D2/China/GDfs/D14005/2014, complete genome",DENV-2,,,2017,Homo sapiens,10724.0,True,,,legacy
MH827528.1,"Dengue virus type 2 isolate D2/China/GDcz/D15030/2015(Malaysia), complete genome",DENV-2,,,2017,Homo sapiens,10724.0,True,,,legacy
MH827527.1,"Dengue virus type 2 isolate D2/China/GDsg/GD15023/2015(Indonesia), complete genome",DENV-2,,,2017,Homo sapiens,10724.0,True,,,legacy
MH827526.1,"Dengue virus type 2 isolate D2/China/GDsw/D15024/2015(New_Guinea), complete genome",DENV-2,,,2017,Homo sapiens,10724.0,True,,,legacy
NC_001475.2,"Dengue virus 3, complete genome",DENV-3,,,,,10707.0,True,,,legacy
NC_001474.2,"Dengue virus 2, complete genome",DENV-2,,,1964,,10723.0,True,,,legacy
NC_002640.1,"Dengue virus 4, complete genome",DENV-4,,,,,10649.0,True,,,legacy
MG181997.1,"Dengue virus type 1 isolate PF08-080108-88, complete genome",DENV-1,,,2008,Homo sapiens,10715.0,True,,,legacy
MK894341.1,"Dengue virus type 3 isolate 18XN61927, partial genome",DENV-3,,,2018,Homo sapiens,10642.0,False,,,legacy
MK894340.1,"Dengue virus type 3 isolate 18XN26997, partial genome",DENV-3,,,2018,Homo sapiens,10650.0,False,,,legacy
MK894339.1,"Dengue virus type 3 isolate 18XN10607, partial genome",DENV-3,,,2018,Homo sapiens,10650.0,False,,,legacy
MK894338.1,"Dengue virus type 3 isolate 18XN04331, partial genome",DENV-3,,,2018,Homo sapiens,10650.0,False,,,legacy
NC_001477.1,"Dengue virus 1, complete genome",DENV-1,,,,,10735.0,True,,,legacy
MG097876.1,"Dengue virus type 1 isolate SG(EHI)D1/30889Y14, complete genome",DENV-1,,,2014,Homo sapiens,10735.0,True,,,legacy
MG097875.1,"Dengue virus type 1 isolate SG(EHI)D1/18640Y12, complete genome",DENV-1,,,2012,Homo sapiens,10705.0,True,,,legacy
MK514144.1,"Dengue virus type 4 isolate Homo sapiens/Haiti-0075/2015, complete genome",DENV-4,,,2015,Homo sapiens,10649.0,True,,,legacy
MH781015.1,"Dengue virus type 2 isolate G3AE, complete genome",DENV-2,,,2012,Aedes aegypti,10705.0,True,,,legacy
MH781014.1,"Dengue virus type 2 isolate G1AE, complete genome",DENV-2,,,2012,Aedes aegypti,10617.0,True,,,legacy
MH781013.1,"Dengue virus type 2 isolate G2AE, complete genome",DENV-2,,,2012,Aedes aegypti,10651.0,True,,,legacy
MK543479.1,"Dengue virus type 2 isolate HNQY2018004, complete genome",DENV-2,,,2018,Homo sapiens,10716.0,True,,,legacy
MK543471.1,"Dengue virus type 2 isolate HNQY2018005, complete genome",DENV-2,,,2018,Homo sapiens,10716.0,True,,,legacy
MK543450.1,"Dengue virus type 2 isolate HNQY20180091, complete genome",DENV-2,,,2018,Homo sapiens,10716.0,True,,,legacy
MK543449.1,"Dengue virus type 2 isolate HNQY20180084, complete genome",DENV-2,,,2018,Homo sapiens,10716.0,True,,,legacy
MK543448.1,"Dengue virus type 2 isolate HNQY20180008, complete genome",DENV-2,,,2018,Homo sapiens,10716.0,True,,,legacy
MH613986.1,"Dengue virus type 2 isolate C6L_P56, complete genome",DENV-2,,,2017,,10723.0,True,,,legacy
MH613985.1,"Dengue virus type 2 isolate C6L_P30, complete genome",DENV-2,,,2017,,10723.0,True,,,legacy
MH613984.1,"Dengue virus type 2 isolate C6L_48h, complete genome",DENV-2,,,2017,,10723.0,True,,,legacy
MK506266.1,"Dengue virus type 4 isolate h241-2007, complete genome",DENV-4,,,2007,,10621.0,True,,,legacy
MK506265.1,"Dengue virus type 3 isolate h87-2007, complete genome",DENV-3,,,2007,,10650.0,True,,,legacy
MK506264.1,"Dengue virus type 2 isolate ngc-2007, complete genome",DENV-2,,,2007,,10688.0,True,,,legacy
MK506263.1,"Dengue virus type 2 isolate 16681-2007, complete genome",DENV-2,,,2007,,10688.0,True,,,legacy
MK506262.1,"Dengue virus type 1 isolate hawaii-2007, complete genome",DENV-1,,,2007,,10701.0,True,,,legacy
MK513444.1,"Dengue virus type 2 isolate SG(EHI)D2/02862Y15, complete genome",DENV-2,,,2015,Homo sapiens,10723.0,True,,,legacy
KY672960.1,"Dengue virus type 4 isolate DENV-4/China/YN/15DGR394 (2015), complete genome",DENV-4,,,2015,Homo sapiens,10661.0,True,,,legacy
KY672959.1,"Dengue virus type 4 isolate DENV-4/China/YN/15DGR50 (2015), complete genome",DENV-4,,,2015,Homo sapiens,10661.0,True,,,legacy
KY672958.1,"Dengue virus type 4 isolate DENV-4/China/YN/15DGR35 (2015), complete genome",DENV-4,,,2015,Homo sapiens,10661.0,True,,,legacy
KY672957.1,"Dengue virus type 4 isolate DENV-4/China/YN/15DGR32 (2015), complete genome",DENV-4,,,2015,Homo sapiens,10661.0,True,,,legacy
KY672956.1,"Dengue virus type 4 isolate DENV-4/China/YN/15DGR9 (2015), complete genome",DENV-4,,,2015,Homo sapiens,10661.0,True,,,legacy
KY672955.1,"Dengue virus type 2 isolate DENV-2/China/YN/15DGR65(2015), complete genome",DENV-2,,,2015,Homo sapiens,10723.0,True,,,legacy
KY672954.1,"Dengue virus type 2 isolate DENV-2/China/YN/JH1516(2015), complete genome",DENV-2,,,2015,Homo sapiens,10665.0,True,,,legacy
KY672953.1,"Dengue virus type 2 isolate DENV-2/China/YN/JH1515(2015), complete genome",DENV-2,,,2015,Homo sapiens,10665.0,True,,,legacy
KY672952.1,"Dengue virus type 2 isolate DENV-2/China/YN/JH1505(2015), complete genome",DENV-2,,,2015,Homo sapiens,10668.0,True,,,legacy
KY672951.1,"Dengue virus type 2 isolate DENV-2/China/YN/JH1502(2015), complete genome",DENV-2,,,2015,Homo sapiens,10680.0,True,,,legacy
KY672950.1,"Dengue virus type 2 isolate DENV-2/China/YN/15DGR605(2015), complete genome",DENV-2,,,2015,Homo sapiens,10723.0,True,,,legacy
KY672949.1,"Dengue virus type 2 isolate DENV-2/China/YN/RL27(2013), complete genome",DENV-2,,,2013,Homo sapiens,10723.0,True,,,legacy
KY672948.1,"Dengue virus type 2 isolate DENV-2/China/YN/RL18(2013), complete genome",DENV-2,,,2013,Homo sapiens,10723.0,True,,,legacy
KY672947.1,"Dengue virus type 2 isolate DENV-2/China/YN/RL16(2013), complete genome",DENV-2,,,2013,Homo sapiens,10723.0,True,,,legacy
KY672946.1,"Dengue virus type 2 isolate DENV-2/China/YN/15DGR29(2015), complete genome",DENV-2,,,2015,Homo sapiens,10723.0,True,,,legacy
KY672945.1,"Dengue virus type 2 isolate DENV-2/China/YN/15DGR8(2015), complete genome",DENV-2,,,2015,Homo sapiens,10723.0,True,,,legacy
KY672944.1,"Dengue virus type 1 isolate DENV-1/China/YN/YNH22 (2013), complete genome",DENV-1,,,2013,Homo sapiens,10709.0,True,,,legacy
KY672943.1,"Dengue virus type 1 isolate DENV-1/China/YN/YNH12 (2013), complete genome",DENV-1,,,2013,Homo sapiens,10737.0,True,,,legacy
KY672942.1,"Dengue virus type 1 isolate DENV-1/China/YN/DGRL-177(2014), complete genome",DENV-1,,,2014,Homo sapiens,10737.0,True,,,legacy
KY672941.1,"Dengue virus type 1 isolate DENV-1/China/YN/DGRL-161(2014), complete genome",DENV-1,,,2014,Homo sapiens,10714.0,True,,,legacy
KY672940.1,"Dengue virus type 1 isolate DENV-1/China/YN/DGRL-157(2014), complete genome",DENV-1,,,2014,Homo sapiens,10707.0,True,,,legacy
KY672939.1,"Dengue virus type 1 isolate DENV-1/China/YN/DGRL-49(2014), complete genome",DENV-1,,,2014,Homo sapiens,10707.0,True,,,legacy
KY672938.1,"Dengue virus type 1 isolate DENV-1/China/YN/DGRL-32(2014), complete genome",DENV-1,,,2014,Homo sapiens,10738.0,True,,,legacy
KY672937.1,"Dengue virus type 1 isolate DENV-1/China/YN/DGRL-6(2014), complete genome",DENV-1,,,2014,Homo sapiens,10738.0,True,,,legacy
KY672936.1,"Dengue virus type 1 isolate DENV-1/China/YN/LC1502(2015), complete genome",DENV-1,,,2015,Homo sapiens,10738.0,True,,,legacy
KY672935.1,"Dengue virus type 1 isolate DENV-1/China/YN/GM1503(2015), complete genome",DENV-1,,,2015,Homo sapiens,10738.0,True,,,legacy
KY672934.1,"Dengue virus type 1 isolate DENV-1/China/YN/GM1502 (2015), complete genome",DENV-1,,,2015,Homo sapiens,10738.0,True,,,legacy
KY672933.1,"Dengue virus type 1 isolate DENV-1/China/YN/15DGR55 (2015), complete genome",DENV-1,,,2015,Homo sapiens,10714.0,True,,,legacy
KY672932.1,"Dengue virus type 1 isolate DENV-1/China/YN/15DGR7 (2015), complete genome",DENV-1,,,2015,Homo sapiens,10704.0,True,,,legacy
KY672931.1,"Dengue virus type 1 isolate DENV-1/China/YN/15DGR4 (2015), complete genome",DENV-1,,,2015,Homo sapiens,10738.0,True,,,legacy
MH823210.1,"Dengue virus type 4 isolate JMB-006, complete genome",DENV-4,,,2014,Homo sapiens,10648.0,True,,,legacy
MH823209.1,"Dengue virus type 3 isolate SMD-031, complete genome",DENV-3,,,2016,Homo sapiens,10707.0,True,,,legacy
MH823207.1,"Dengue virus type 1 isolate JMB-059, complete genome",DENV-1,,,2015,Homo sapiens,10728.0,True,,,legacy
MK268692.1,"Dengue virus type 2 isolate DENV-2/TH/1974, complete genome",DENV-2,,,1974,Homo sapiens,10721.0,True,,,legacy
MH888334.1,"Dengue virus type 4 isolate CNR_16861, complete genome",DENV-4,,,2013,Homo sapiens,10605.0,True,,,legacy
MH888333.1,"Dengue virus type 3 isolate BOL_4025, complete genome",DENV-3,,,2011,Homo sapiens,10683.0,True,,,legacy
MH888332.1,"Dengue virus type 3 isolate CNR_15418, complete genome",DENV-3,,,2012,Homo sapiens,10659.0,True,,,legacy
MH888331.1,"Dengue virus type 2 isolate CNR_25326, complete genome",DENV-2,,,2014,Homo sapiens,10461.0,True,,,legacy
MH010629.1,"Dengue virus type 2 isolate D2/Zhejiang/HZ33/2017, complete genome",DENV-2,,,2017,Homo sapiens,10690.0,True,,,legacy
MG721055.1,"Dengue virus type 2 isolate R1_J22_DENV2, complete genome",DENV-2,,,2016,Homo sapiens,10726.0,True,,,legacy
MG721064.1,"Dengue virus type 3 strain R1_J29, complete genome",DENV-3,,,2016,Homo sapiens,10285.0,True,,,legacy
KY923048.1,"Dengue virus type 2 isolate D2Sab2015, complete genome",DENV-2,,,2015,Homo sapiens,10737.0,True,,,legacy
MH921567.1,"Dengue virus type 1 isolate PNG 2016, complete genome",DENV-1,,,2016,Homo sapiens,10706.0,True,,,legacy
MH921566.1,"Dengue virus type 1 isolate PNG 2015c, complete genome",DENV-1,,,2015,Homo sapiens,10706.0,True,,,legacy
MH985859.1,"Dengue virus type 2 isolate Van 2017, complete genome",DENV-2,,,2017,Homo sapiens,10722.0,True,,,legacy
MH985858.1,"Dengue virus type 2 isolate SI 2016, complete genome",DENV-2,,,2016,Homo sapiens,10723.0,True,,,legacy
KY057373.1,"Dengue virus type 1 isolate SUB-120A, complete genome",DENV-1,,,2012,Homo sapiens,10735.0,True,,,legacy
KY057372.1,"Dengue virus type 1 isolate SUB-098A, complete genome",DENV-1,,,2012,Homo sapiens,10735.0,True,,,legacy
KY057371.1,"Dengue virus type 1 isolate SUB-049A, complete genome",DENV-1,,,2012,Homo sapiens,10735.0,True,,,legacy
KY057370.1,"Dengue virus type 1 isolate SUB-048A, complete genome",DENV-1,,,2012,Homo sapiens,10735.0,True,,,legacy
KY057369.1,"Dengue virus type 1 isolate SUB-038A, complete genome",DENV-1,,,2012,Homo sapiens,10735.0,True,,,legacy
KY057368.1,"Dengue virus type 1 isolate SUB-032A, complete genome",DENV-1,,,2012,Homo sapiens,10735.0,True,,,legacy
KY057367.1,"Dengue virus type 1 isolate SUB-027A, complete genome",DENV-1,,,2012,Homo sapiens,10735.0,True,,,legacy
KY057366.1,"Dengue virus type 1 isolate SUB-026A, complete genome",DENV-1,,,2012,Homo sapiens,10735.0,True,,,legacy
KY057365.1,"Dengue virus type 1 isolate SUB-003A, complete genome",DENV-1,,,2012,Homo sapiens,10735.0,True,,,legacy
MG767211.1,"Dengue virus type 1 isolate 09041/DENV-1/GZ/2017, complete genome",DENV-1,,,2017,Homo sapiens,10700.0,True,,,legacy
MG560144.1,"Dengue virus type 2 strain UoH_583351, complete genome",DENV-2,,,2014,Homo sapiens,10670.0,True,,,legacy
MG560143.1,"Dengue virus type 2 strain UoH_58620, complete genome",DENV-2,,,2014,Homo sapiens,10723.0,True,,,legacy
MH382789.1,"Dengue virus type 4 isolate PNG 2016a, complete genome",DENV-4,,,2016,Homo sapiens,10653.0,True,,,legacy
MH110603.1,"Dengue virus type 2 strain D2/CN/HZ-mos2/2017, complete genome",DENV-2,,,2017,Homo sapiens,10176.0,True,,,legacy
MH110602.1,"Dengue virus type 2 strain D2/CN/HZ-996/2017, complete genome",DENV-2,,,2017,Homo sapiens,10176.0,True,,,legacy
MH110601.1,"Dengue virus type 2 strain D2/CN/HZ-951/2017, complete genome",DENV-2,,,2017,Homo sapiens,10176.0,True,,,legacy
MH110600.1,"Dengue virus type 2 strain D2/CN/HZ-848/2017, complete genome",DENV-2,,,2017,Homo sapiens,10176.0,True,,,legacy
MH110599.1,"Dengue virus type 2 strain D2/CN/HZ-736/2017, complete genome",DENV-2,,,2017,Homo sapiens,10176.0,True,,,legacy
MH110598.1,"Dengue virus type 2 strain D2/CN/HZ-720/2017, complete genome",DENV-2,,,2017,Homo sapiens,10176.0,True,,,legacy
MH110597.1,"Dengue virus type 2 strain D2/CN/HZ-719/2017, complete genome",DENV-2,,,2017,Homo sapiens,10176.0,True,,,legacy
MH110596.1,"Dengue virus type 2 strain D2/CN/HZ-715/2017, complete genome",DENV-2,,,2017,Homo sapiens,10176.0,True,,,legacy
MH110595.1,"Dengue virus type 2 strain D2/CN/HZ-699/2017, complete genome",DENV-2,,,2017,Homo sapiens,10176.0,True,,,legacy
MH110594.1,"Dengue virus type 2 strain D2/CN/HZ-67/2017, complete genome",DENV-2,,,2017,Homo sapiens,10176.0,True,,,legacy
MH110593.1,"Dengue virus type 2 strain D2/CN/HZ-666/2017, complete genome",DENV-2,,,2017,Homo sapiens,10176.0,True,,,legacy
MH110592.1,"Dengue virus type 2 strain D2/CN/HZ-594/2017, complete genome",DENV-2,,,2017,Homo sapiens,10176.0,True,,,legacy
MH110591.1,"Dengue virus type 2 strain D2/CN/HZ-545/2017, complete genome",DENV-2,,,2017,Homo sapiens,10176.0,True,,,legacy
MH110590.1,"Dengue virus type 2 strain D2/CN/HZ-511/2017, complete genome",DENV-2,,,2017,Homo sapiens,10176.0,True,,,legacy
MH110589.1,"Dengue virus type 2 strain D2/CN/HZ-510/2017, complete genome",DENV-2,,,2017,Homo sapiens,10176.0,True,,,legacy
MH110588.1,"Dengue virus type 2 strain D2/CN/HZ-505/2017, complete genome",DENV-2,,,2017,Homo sapiens,10176.0,True,,,legacy
MH110587.1,"Dengue virus type 2 strain D2/CN/HZ-456/2017, complete genome",DENV-2,,,2017,Homo sapiens,10176.0,True,,,legacy
MH110586.1,"Dengue virus type 2 strain D2/CN/HZ-455/2017, complete genome",DENV-2,,,2017,Homo sapiens,10176.0,True,,,legacy
MH110585.1,"Dengue virus type 2 strain D2/CN/HZ-439/2017, complete genome",DENV-2,,,2017,Homo sapiens,10176.0,True,,,legacy
MH110584.1,"Dengue virus type 2 strain D2/CN/HZ-436/2017, complete genome",DENV-2,,,2017,Homo sapiens,10176.0,True,,,legacy
MH110583.1,"Dengue virus type 2 strain D2/CN/HZ-414/2017, complete genome",DENV-2,,,2017,Homo sapiens,10176.0,True,,,legacy
MH110582.1,"Dengue virus type 2 strain D2/CN/HZ-406-2/2017, complete genome",DENV-2,,,2017,Homo sapiens,10176.0,True,,,legacy
MH110581.1,"Dengue virus type 2 strain D2/CN/HZ-406-1/2017, complete genome",DENV-2,,,2017,Homo sapiens,10176.0,True,,,legacy
MH110580.1,"Dengue virus type 2 strain D2/CN/HZ-333/2017, complete genome",DENV-2,,,2017,Homo sapiens,10176.0,True,,,legacy
MH110579.1,"Dengue virus type 2 strain D2/CN/HZ-316/2017, complete genome",DENV-2,,,2017,Homo sapiens,10176.0,True,,,legacy
MH110578.1,"Dengue virus type 2 strain D2/CN/HZ-30/2017, complete genome",DENV-2,,,2017,Homo sapiens,10176.0,True,,,legacy
MH110577.1,"Dengue virus type 2 strain D2/CN/HZ-294/2017, complete genome",DENV-2,,,2017,Homo sapiens,10176.0,True,,,legacy
MH110576.1,"Dengue virus type 2 strain D2/CN/HZ-265/2017, complete genome",DENV-2,,,2017,Homo sapiens,10176.0,True,,,legacy
MH110575.1,"Dengue virus type 2 strain D2/CN/HZ-263/2017, complete genome",DENV-2,,,2017,Homo sapiens,10176.0,True,,,legacy
MH110574.1,"Dengue virus type 2 strain D2/CN/HZ-244/2017, complete genome",DENV-2,,,2017,Homo sapiens,10176.0,True,,,legacy
MH110573.1,"Dengue virus type 2 strain D2/CN/HZ-17/2017, complete genome",DENV-2,,,2017,Homo sapiens,10176.0,True,,,legacy
MH110572.1,"Dengue virus type 2 strain D2/CN/HZ-1560/2017, complete genome",DENV-2,,,2017,Homo sapiens,10176.0,True,,,legacy
MH110571.1,"Dengue virus type 2 strain D2/CN/HZ-1536/2017, complete genome",DENV-2,,,2017,Homo sapiens,10176.0,True,,,legacy
MH110570.1,"Dengue virus type 2 strain D2/CN/HZ-1535/2017, complete genome",DENV-2,,,2017,Homo sapiens,10176.0,True,,,legacy
MH110569.1,"Dengue virus type 2 strain D2/CN/HZ-1469/2017, complete genome",DENV-2,,,2017,Homo sapiens,10176.0,True,,,legacy
MH110568.1,"Dengue virus type 2 strain D2/CN/HZ-1450/2017, complete genome",DENV-2,,,2017,Homo sapiens,10176.0,True,,,legacy
MH110567.1,"Dengue virus type 2 strain D2/CN/HZ-1431/2017, complete genome",DENV-2,,,2017,Homo sapiens,10176.0,True,,,legacy
MH110566.1,"Dengue virus type 2 strain D2/CN/HZ-1358/2017, complete genome",DENV-2,,,2017,Homo sapiens,10176.0,True,,,legacy
MH110565.1,"Dengue virus type 2 strain D2/CN/HZ-1312/2017, complete genome",DENV-2,,,2017,Homo sapiens,10176.0,True,,,legacy
MH110564.1,"Dengue virus type 2 strain D2/CN/HZ-1003/2017, complete genome",DENV-2,,,2017,Homo sapiens,10176.0,True,,,legacy
MG877557.1,"Dengue virus type 1 isolate Gabon2012, complete genome",DENV-1,,,2012,Homo sapiens,10751.0,True,,,legacy
MG877556.1,"Dengue virus type 1 isolate Thai2013, complete genome",DENV-1,,,2013,Homo sapiens,10718.0,True,,,legacy
MG877555.1,"Dengue virus type 1 isolate Ncal2013, complete genome",DENV-1,,,2013,Homo sapiens,10719.0,True,,,legacy
MG877554.1,"Dengue virus type 1 isolate Thai2012, complete genome",DENV-1,,,2012,Homo sapiens,10719.0,True,,,legacy
MG877553.1,"Dengue virus type 1 isolate Haiti2012, complete genome",DENV-1,,,2012,Homo sapiens,10719.0,True,,,legacy
MG877552.1,"Dengue virus type 1 isolate Laos2012, complete genome",DENV-1,,,2012,Homo sapiens,10625.0,True,,,legacy
MF033261.1,"Dengue virus type 1 isolate 51870, complete genome",DENV-1,,,2016,Homo sapiens,10714.0,True,,,legacy
MF033260.1,"Dengue virus type 1 isolate 48555, complete genome",DENV-1,,,2016,Homo sapiens,10735.0,True,,,legacy
MF033259.1,"Dengue virus type 1 isolate 44259, complete genome",DENV-1,,,2016,Homo sapiens,10677.0,True,,,legacy
MF033258.1,"Dengue virus type 1 isolate 42327, complete genome",DENV-1,,,2016,Homo sapiens,10676.0,True,,,legacy
MF033257.1,"Dengue virus type 1 isolate 34427, complete genome",DENV-1,,,2016,Homo sapiens,10735.0,True,,,legacy
MF033256.1,"Dengue virus type 1 isolate 31460, complete genome",DENV-1,,,2016,Homo sapiens,10714.0,True,,,legacy
MF033255.1,"Dengue virus type 1 isolate 31808, complete genome",DENV-1,,,2016,Homo sapiens,10714.0,True,,,legacy
MF033254.1,"Dengue virus type 1 isolate 25657, complete genome",DENV-1,,,2016,Homo sapiens,10690.0,True,,,legacy
MF033253.1,"Dengue virus type 1 isolate 19492, complete genome",DENV-1,,,2016,Homo sapiens,10714.0,True,,,legacy
MF033252.1,"Dengue virus type 1 isolate 15628, complete genome",DENV-1,,,2016,Homo sapiens,10714.0,True,,,legacy
MF033251.1,"Dengue virus type 1 isolate 13085, complete genome",DENV-1,,,2016,Homo sapiens,10714.0,True,,,legacy
MF033250.1,"Dengue virus type 1 isolate 09778, complete genome",DENV-1,,,2016,Homo sapiens,10681.0,True,,,legacy
MF033249.1,"Dengue virus type 1 isolate 08826, complete genome",DENV-1,,,2016,Homo sapiens,10680.0,True,,,legacy
MF033248.1,"Dengue virus type 1 isolate 07581, complete genome",DENV-1,,,2016,Homo sapiens,10735.0,True,,,legacy
MF033247.1,"Dengue virus type 1 isolate 07980, complete genome",DENV-1,,,2016,Homo sapiens,10735.0,True,,,legacy
MF033246.1,"Dengue virus type 1 isolate 05696, complete genome",DENV-1,,,2016,Homo sapiens,10735.0,True,,,legacy
MF033245.1,"Dengue virus type 1 isolate 05372, complete genome",DENV-1,,,2016,Homo sapiens,10735.0,True,,,legacy
MF033244.1,"Dengue virus type 1 isolate 05486, complete genome",DENV-1,,,2016,Homo sapiens,10735.0,True,,,legacy
MF033243.1,"Dengue virus type 1 isolate 03720, complete genome",DENV-1,,,2016,Homo sapiens,10714.0,True,,,legacy
MF033242.1,"Dengue virus type 1 isolate 30014, complete genome",DENV-1,,,2015,Homo sapiens,10714.0,True,,,legacy
MF033241.1,"Dengue virus type 1 isolate 52742, complete genome",DENV-1,,,2015,Homo sapiens,10686.0,True,,,legacy
MF033240.1,"Dengue virus type 1 isolate 46407, complete genome",DENV-1,,,2015,Homo sapiens,10735.0,True,,,legacy
MF033239.1,"Dengue virus type 1 isolate 44137, complete genome",DENV-1,,,2015,Homo sapiens,10735.0,True,,,legacy
MF033238.1,"Dengue virus type 1 isolate 29793, complete genome",DENV-1,,,2015,Homo sapiens,10714.0,True,,,legacy
MF033237.1,"Dengue virus type 1 isolate 22125, complete genome",DENV-1,,,2015,Homo sapiens,10714.0,True,,,legacy
MF033236.1,"Dengue virus type 1 isolate 14455, complete genome",DENV-1,,,2015,Homo sapiens,10735.0,True,,,legacy
MF033235.1,"Dengue virus type 1 isolate 13250, complete genome",DENV-1,,,2015,Homo sapiens,10735.0,True,,,legacy
MF033234.1,"Dengue virus type 1 isolate 05044, complete genome",DENV-1,,,2015,Homo sapiens,10714.0,True,,,legacy
MF033233.1,"Dengue virus type 1 isolate 11777, complete genome",DENV-1,,,2015,Homo sapiens,10735.0,True,,,legacy
MF033232.1,"Dengue virus type 1 isolate 09063, complete genome",DENV-1,,,2015,Homo sapiens,10735.0,True,,,legacy
MF033231.1,"Dengue virus type 1 isolate 09076, complete genome",DENV-1,,,2015,Homo sapiens,10735.0,True,,,legacy
MF033230.1,"Dengue virus type 1 isolate 08355, complete genome",DENV-1,,,2015,Homo sapiens,10735.0,True,,,legacy
MF033229.1,"Dengue virus type 1 isolate 06038, complete genome",DENV-1,,,2015,Homo sapiens,10714.0,True,,,legacy
MF033228.1,"Dengue virus type 1 isolate 10760, complete genome",DENV-1,,,2015,Homo sapiens,10735.0,True,,,legacy
MF033227.1,"Dengue virus type 1 isolate 03329, complete genome",DENV-1,,,2015,Homo sapiens,10714.0,True,,,legacy
MF033226.1,"Dengue virus type 1 isolate 38661, complete genome",DENV-1,,,2014,Homo sapiens,10714.0,True,,,legacy
MF033225.1,"Dengue virus type 1 isolate 33084, complete genome",DENV-1,,,2014,Homo sapiens,10735.0,True,,,legacy
MF033224.1,"Dengue virus type 1 isolate 31741, complete genome",DENV-1,,,2014,Homo sapiens,10661.0,True,,,legacy
MF033223.1,"Dengue virus type 1 isolate 31633, complete genome",DENV-1,,,2014,Homo sapiens,10735.0,True,,,legacy
MF033222.1,"Dengue virus type 1 isolate 30629, complete genome",DENV-1,,,2014,Homo sapiens,10735.0,True,,,legacy
MF033221.1,"Dengue virus type 1 isolate 28041, complete genome",DENV-1,,,2014,Homo sapiens,10685.0,True,,,legacy
MF033220.1,"Dengue virus type 1 isolate 25333, complete genome",DENV-1,,,2014,Homo sapiens,10735.0,True,,,legacy
MF033219.1,"Dengue virus type 1 isolate 23771, complete genome",DENV-1,,,2014,Homo sapiens,10735.0,True,,,legacy
MF033218.1,"Dengue virus type 1 isolate 23136, complete genome",DENV-1,,,2014,Homo sapiens,10735.0,True,,,legacy
MF033217.1,"Dengue virus type 1 isolate 21653, complete genome",DENV-1,,,2014,Homo sapiens,10710.0,True,,,legacy
MF033216.1,"Dengue virus type 1 isolate 20587, complete genome",DENV-1,,,2014,Homo sapiens,10735.0,True,,,legacy
MF033215.1,"Dengue virus type 1 isolate 09200, complete genome",DENV-1,,,2014,Homo sapiens,10735.0,True,,,legacy
MF033214.1,"Dengue virus type 1 isolate 07724, complete genome",DENV-1,,,2014,Homo sapiens,10735.0,True,,,legacy
MF033213.1,"Dengue virus type 1 isolate 05538, complete genome",DENV-1,,,2014,Homo sapiens,10714.0,True,,,legacy
MF033212.1,"Dengue virus type 1 isolate 50458, complete genome",DENV-1,,,2013,Homo sapiens,10714.0,True,,,legacy
MF033211.1,"Dengue virus type 1 isolate 42381, complete genome",DENV-1,,,2013,Homo sapiens,10714.0,True,,,legacy
MF033210.1,"Dengue virus type 1 isolate 35068, complete genome",DENV-1,,,2013,Homo sapiens,10735.0,True,,,legacy
MF033209.1,"Dengue virus type 1 isolate 34645, complete genome",DENV-1,,,2013,Homo sapiens,10735.0,True,,,legacy
MF033208.1,"Dengue virus type 1 isolate 26424, complete genome",DENV-1,,,2013,Homo sapiens,10735.0,True,,,legacy
MF033207.1,"Dengue virus type 1 isolate 17168, complete genome",DENV-1,,,2013,Homo sapiens,10735.0,True,,,legacy
MF033206.1,"Dengue virus type 1 isolate 13160, complete genome",DENV-1,,,2013,Homo sapiens,10735.0,True,,,legacy
MF033205.1,"Dengue virus type 1 isolate 49862, complete genome",DENV-1,,,2012,Homo sapiens,10714.0,True,,,legacy
MF033204.1,"Dengue virus type 1 isolate 44692, complete genome",DENV-1,,,2012,Homo sapiens,10714.0,True,,,legacy
MF033203.1,"Dengue virus type 1 isolate 42373, complete genome",DENV-1,,,2012,Homo sapiens,10735.0,True,,,legacy
MF033202.1,"Dengue virus type 1 isolate 35737, complete genome",DENV-1,,,2012,Homo sapiens,10735.0,True,,,legacy
MF033201.1,"Dengue virus type 1 isolate 32089, complete genome",DENV-1,,,2012,Homo sapiens,10735.0,True,,,legacy
MF033200.1,"Dengue virus type 1 isolate 29368, complete genome",DENV-1,,,2012,Homo sapiens,10714.0,True,,,legacy
MF033199.1,"Dengue virus type 1 isolate 21285, complete genome",DENV-1,,,2012,Homo sapiens,10735.0,True,,,legacy
MF033198.1,"Dengue virus type 1 isolate 18806, complete genome",DENV-1,,,2012,Homo sapiens,10714.0,True,,,legacy
MF033197.1,"Dengue virus type 1 isolate 11887, complete genome",DENV-1,,,2012,Homo sapiens,10735.0,True,,,legacy
MF033196.1,"Dengue virus type 1 isolate 42876, complete genome",DENV-1,,,2011,Homo sapiens,10735.0,True,,,legacy
MG560269.1,"Dengue virus type 1 isolate P1253/China/GD/CZ/2014, complete genome",DENV-1,,,2014,Homo sapiens,10583.0,True,,,legacy
MG560268.1,"Dengue virus type 1 isolate P1257/China/GD/CZ/2014, complete genome",DENV-1,,,2014,Homo sapiens,10583.0,True,,,legacy
MG560267.1,"Dengue virus type 1 isolate P1258/China/GD/CZ/2014, complete genome",DENV-1,,,2014,Homo sapiens,10583.0,True,,,legacy
MG560266.1,"Dengue virus type 1 isolate P1278/China/GD/ZS/2014, complete genome",DENV-1,,,2014,Homo sapiens,10583.0,True,,,legacy
MG560265.1,"Dengue virus type 1 isolate P1346/China/GD/HY/2014, complete genome",DENV-1,,,2014,Homo sapiens,10604.0,True,,,legacy
MG679801.1,"Dengue virus type 1 isolate DENV-1/China/MY22(2017), complete genome",DENV-1,,,2017,Homo sapiens,10735.0,True,,,legacy
MG679800.1,"Dengue virus type 1 isolate DENV-1/China/MY21(2017), complete genome",DENV-1,,,2017,Homo sapiens,10735.0,True,,,legacy
MH544651.1,"Dengue virus type 3 isolate 476947_Risaralda_CO_2016, complete genome",DENV-3,,,4-16,Homo sapiens,10706.0,True,,,legacy
MH544650.1,"Dengue virus type 3 isolate 449982_Meta_CO_2015, complete genome",DENV-3,,,9-07,Homo sapiens,10708.0,True,,,legacy
MH544649.1,"Dengue virus type 3 isolate 449686_Antioquia_CO_2015, complete genome",DENV-3,,,9-15,Homo sapiens,10707.0,True,,,legacy
MH544647.1,"Dengue virus type 3 isolate 449335_Boyaca_CO_2015, complete genome",DENV-3,,,8-23,Homo sapiens,10707.0,True,,,legacy
MF459663.3,"Dengue virus type 2 isolate YNPE2, complete genome",DENV-2,,,2013,Homo sapiens,10724.0,True,,,legacy
MH450301.2,"Dengue virus isolate IDAMS-910122, complete genome",,,,2015,Homo sapiens; male,10481.0,True,,,legacy
MH450311.1,"Dengue virus isolate DENVEN-CC0010, complete genome",,,,2010,Homo sapiens; female,10684.0,True,,,legacy
MH450310.1,"Dengue virus isolate DENVEN-CC0007, complete genome",,,,2010,Homo sapiens; female,10673.0,True,,,legacy
MH450309.1,"Dengue virus isolate DENVEN-CC0186, complete genome",,,,2012,Homo sapiens; male,10649.0,True,,,legacy
MH450308.1,"Dengue virus isolate DENVEN-CC0147, complete genome",,,,2011,Homo sapiens; male,10586.0,True,,,legacy
MH450307.1,"Dengue virus isolate DENVEN-CC0093, complete genome",,,,2011,Homo sapiens; male,10649.0,True,,,legacy
MH450306.1,"Dengue virus isolate DENVEN-CC0032, complete genome",,,,2010,Homo sapiens; male,10711.0,True,,,legacy
MH450305.1,"Dengue virus isolate DENVEN-CC0030, complete genome",,,,2010,Homo sapiens; female,10649.0,True,,,legacy
MH450304.1,"Dengue virus isolate DENVEN-CC0013, complete genome",,,,2010,Homo sapiens; female,10701.0,True,,,legacy
MH450303.1,"Dengue virus isolate IDAMS-921001, complete genome",,,,2015,Homo sapiens; female,10672.0,True,,,legacy
MH450302.1,"Dengue virus isolate IDAMS-910135, complete genome",,,,2015,Homo sapiens; female,10691.0,True,,,legacy
MH450300.1,"Dengue virus isolate IDAMS-910131, complete genome",,,,2015,Homo sapiens; male,10431.0,True,,,legacy
MH450299.1,"Dengue virus isolate IDAMS-910118, complete genome",,,,2015,Homo sapiens; male,10678.0,True,,,legacy
MH450298.1,"Dengue virus isolate IDAMS-910115, complete genome",,,,2015,Homo sapiens; female,10570.0,True,,,legacy
MH450297.1,"Dengue virus isolate IDAMS-910109, complete genome",,,,2015,Homo sapiens; male,10700.0,True,,,legacy
MH450296.1,"Dengue virus isolate IDAMS-910106, complete genome",,,,2015,Homo sapiens; male,10673.0,True,,,legacy
MH450295.1,"Dengue virus isolate IDAMS-910105, complete genome",,,,2015,Homo sapiens; male,10691.0,True,,,legacy
MH450312.1,"Dengue virus type 1 isolate DENV1-VE-IDAMS-910132_2015-10-19, complete genome",DENV-1,,,2015,Homo sapiens,10752.0,True,,,legacy
KX618706.1,"Dengue virus type 1 strain 3083, complete genome",DENV-1,,,2014,Homo sapiens,10735.0,True,,,legacy
KX618705.1,"Dengue virus type 1 strain UOH_21749, complete genome",DENV-1,,,2014,Homo sapiens,10735.0,True,,,legacy
MH215277.1,"Dengue virus type 2 strain Homo sapiens/VEN-HUPAZ-1/2016, complete genome",DENV-2,,,2016,Homo sapiens,10722.0,True,,,legacy
MH069499.1,"Dengue virus type 2 strain DENV-2/VE/IDAMS/910105, complete genome",DENV-2,,,2015,Homo sapiens,10712.0,True,,,legacy
MH069498.1,"Dengue virus type 2 strain DENV-2/VE/IDAMS/910121, complete genome",DENV-2,,,2015,Homo sapiens,10704.0,True,,,legacy
MH069497.1,"Dengue virus type 2 strain DENV-2/VE/IDAMS/921095, complete genome",DENV-2,,,2015,Homo sapiens,10711.0,True,,,legacy
MH069496.1,"Dengue virus type 2 strain DENV-2/VE/IDAMS/921096, complete genome",DENV-2,,,2015,Homo sapiens,10694.0,True,,,legacy
MH069495.1,"Dengue virus type 2 strain DENV-2/VE/IDAMS/921099, complete genome",DENV-2,,,2015,Homo sapiens,10619.0,True,,,legacy
MF314189.1,"Dengue virus type 2 isolate 2016_Singapore_DENV-2_NPHL, complete genome",DENV-2,,,2016,Homo sapiens,10594.0,True,,,legacy
MF314188.1,"Dengue virus type 1 isolate 2016_Singapore_DENV-1_NPHL, complete genome",DENV-1,,,2016,Homo sapiens,10706.0,True,,,legacy
MG272274.1,"Dengue virus type 4 isolate D4/IND/PUNE/IRSHA-FG-03 (S-49), complete genome",DENV-4,,,2016,Homo sapiens,10652.0,True,,,legacy
MG272273.1,"Dengue virus type 4 isolate D4/IND/PUNE/IRSHA-FG-02 (S-41), complete genome",DENV-4,,,2016,Homo sapiens,10652.0,True,,,legacy
MG272272.1,"Dengue virus type 4 isolate D4/IND/PUNE/IRSHA-FG-01 (1028), complete genome",DENV-4,,,2016,Homo sapiens,10652.0,True,,,legacy
MF043956.1,"Dengue virus type 2 strain DV01091, complete genome",DENV-2,,,2016,,10723.0,True,,,legacy
KY926849.1,"Dengue virus type 1 isolate PF08/080108-88, complete genome",DENV-1,,,2008,Homo sapiens,10597.0,True,,,legacy
KY926848.1,"Dengue virus type 1 isolate PF13/190813-45, complete genome",DENV-1,,,2013,Homo sapiens,10597.0,True,,,legacy
KY794790.1,"Dengue virus type 3 isolate 080606, complete genome",DENV-3,,,2008,Homo sapiens,10634.0,True,,,legacy
KY794789.1,"Dengue virus type 3 isolate 080521, complete genome",DENV-3,,,2008,Homo sapiens,10634.0,True,,,legacy
KY794788.1,"Dengue virus type 3 isolate 080424, complete genome",DENV-3,,,2008,Homo sapiens,10590.0,True,,,legacy
KY794787.1,"Dengue virus type 3 isolate 071009, complete genome",DENV-3,,,2007,Homo sapiens,10617.0,True,,,legacy
KY794786.1,"Dengue virus type 3 isolate 101027, complete genome",DENV-3,,,2010,Homo sapiens,10643.0,True,,,legacy
KY794785.1,"Dengue virus type 2 isolate 100511, complete genome",DENV-2,,,2010,Homo sapiens,10657.0,True,,,legacy
MG601754.1,"Dengue virus type 4 strain 2013JH285, complete genome",DENV-4,,,2013,Homo sapiens,10772.0,True,,,legacy
KY670635.1,"Dengue virus type 4 strain D4/Philippines/0310aTw, complete genome",DENV-4,,,2003,Homo sapiens,10617.0,True,,,legacy
KY670634.1,"Dengue virus type 3 strain D3/Vietnam/9809aTw, complete genome",DENV-3,,,1998,Homo sapiens,10652.0,True,,,legacy
KY670633.1,"Dengue virus type 2 strain D2/Taiwan/407TC9509a, complete genome",DENV-2,,,1995,Homo sapiens,10638.0,True,,,legacy
MF683117.1,"Dengue virus type 1 isolate YN176282, complete genome",DENV-1,,,2017,Homo sapiens,10735.0,True,,,legacy
MF683116.1,"Dengue virus type 1 isolate YN17741, complete genome",DENV-1,,,2017,Homo sapiens,10735.0,True,,,legacy
MF681693.1,"Dengue virus type 1 isolate YN176272, complete genome",DENV-1,,,2017,Homo sapiens,10735.0,True,,,legacy
MF681692.1,"Dengue virus type 1 isolate YN2, complete genome",DENV-1,,,2017,Homo sapiens,10735.0,True,,,legacy
LC367234.1,"Dengue virus 2 D2/Hu/India/NIID74/2009 genomic RNA, complete genome",DENV-2,,,0-08,,10723.0,True,,,legacy
KX855927.1,"Dengue virus type 3 isolate I/B/DENV3/2014, complete genome",DENV-3,,,2014,Homo sapiens,10603.0,True,,,legacy
KY474335.1,"Dengue virus type 4 isolate 00151-P, complete genome",DENV-4,,,2014,Homo sapiens,10642.0,True,,,legacy
KY474334.1,"Dengue virus type 2 isolate 00121-P, complete genome",DENV-2,,,2014,Homo sapiens,10460.0,True,,,legacy
KY474333.1,"Dengue virus type 2 isolate TD-00074-P, complete genome",DENV-2,,,2014,Homo sapiens,10648.0,True,,,legacy
KY474332.1,"Dengue virus type 2 isolate TD-00077-P, complete genome",DENV-2,,,2014,Homo sapiens,10647.0,True,,,legacy
KY474331.1,"Dengue virus type 2 isolate 00166-P, complete genome",DENV-2,,,2014,Homo sapiens,10648.0,True,,,legacy
KY474330.1,"Dengue virus type 2 isolate 00104-P, complete genome",DENV-2,,,2014,Homo sapiens,10648.0,True,,,legacy
KY474329.1,"Dengue virus type 2 isolate 00149-P, complete genome",DENV-2,,,2014,Homo sapiens,10648.0,True,,,legacy
KY474328.1,"Dengue virus type 2 isolate 00173-P, complete genome",DENV-2,,,2014,Homo sapiens,10648.0,True,,,legacy
KY474327.1,"Dengue virus type 2 isolate 00142-P, complete genome",DENV-2,,,2014,Homo sapiens,10648.0,True,,,legacy
KY474326.1,"Dengue virus type 2 isolate TD-00078-P, complete genome",DENV-2,,,2014,Homo sapiens,10648.0,True,,,legacy
KY474325.1,"Dengue virus type 2 isolate 00137-P, complete genome",DENV-2,,,2014,Homo sapiens,10648.0,True,,,legacy
KY474324.1,"Dengue virus type 2 isolate 00143-P, complete genome",DENV-2,,,2014,Homo sapiens,10648.0,True,,,legacy
KY474323.1,"Dengue virus type 2 isolate TD-00036-S, complete genome",DENV-2,,,2014,Homo sapiens,10648.0,True,,,legacy
KY474322.1,"Dengue virus type 2 isolate TD-00016-S, complete genome",DENV-2,,,2014,Homo sapiens,10648.0,True,,,legacy
KY474321.1,"Dengue virus type 2 isolate TD-00057-P-2WK, complete genome",DENV-2,,,2014,Homo sapiens,10647.0,True,,,legacy
KY474320.1,"Dengue virus type 2 isolate TD-00093-P, complete genome",DENV-2,,,2014,Homo sapiens,10647.0,True,,,legacy
KY474319.1,"Dengue virus type 2 isolate TD-00094-P, complete genome",DENV-2,,,2014,Homo sapiens,10648.0,True,,,legacy
KY474318.1,"Dengue virus type 2 isolate 00145-P, complete genome",DENV-2,,,2014,Homo sapiens,10648.0,True,,,legacy
KY474317.1,"Dengue virus type 2 isolate TD-00021-S, complete genome",DENV-2,,,2014,Homo sapiens,10647.0,True,,,legacy
KY474316.1,"Dengue virus type 2 isolate 00155-P, complete genome",DENV-2,,,2014,Homo sapiens,10647.0,True,,,legacy
KY474315.1,"Dengue virus type 2 isolate 00147-P, complete genome",DENV-2,,,2014,Homo sapiens,10648.0,True,,,legacy
KY474314.1,"Dengue virus type 2 isolate RL-00028-S, complete genome",DENV-2,,,2014,Homo sapiens,10648.0,True,,,legacy
KY474313.1,"Dengue virus type 2 isolate 00127-P, complete genome",DENV-2,,,2014,Homo sapiens,10648.0,True,,,legacy
KY474312.1,"Dengue virus type 2 isolate TD-00082-P, complete genome",DENV-2,,,2014,Homo sapiens,10648.0,True,,,legacy
KY474311.1,"Dengue virus type 2 isolate TD-00079-P, complete genome",DENV-2,,,2014,Homo sapiens,10647.0,True,,,legacy
KY474310.1,"Dengue virus type 2 isolate TD-00080-P, complete genome",DENV-2,,,2014,Homo sapiens,10647.0,True,,,legacy
KY474309.1,"Dengue virus type 2 isolate RL-00065-P, complete genome",DENV-2,,,2014,Homo sapiens,10648.0,True,,,legacy
KY474308.1,"Dengue virus type 2 isolate TD-00048-S, complete genome",DENV-2,,,2014,Homo sapiens,10648.0,True,,,legacy
KY474307.1,"Dengue virus type 1 isolate TD-00061-P, complete genome",DENV-1,,,2014,Homo sapiens,10677.0,True,,,legacy
KY474306.1,"Dengue virus type 1 isolate TD-00087-P, complete genome",DENV-1,,,2014,Homo sapiens,10677.0,True,,,legacy
KY474305.1,"Dengue virus type 1 isolate 00099-S, complete genome",DENV-1,,,2014,Homo sapiens,10676.0,True,,,legacy
KY474304.1,"Dengue virus type 1 isolate TD-00043-S, complete genome",DENV-1,,,2014,Homo sapiens,10678.0,True,,,legacy
KY474303.1,"Dengue virus type 1 isolate TD-00044-S, complete genome",DENV-1,,,2014,Homo sapiens,10678.0,True,,,legacy
KY882458.1,"Dengue virus type 2 strain D01090, complete genome",DENV-2,,,,Homo sapiens,10723.0,True,,,legacy
MG189962.1,"Dengue virus type 2 isolate D2_K2_RIJ_059/Dar es Salaam 2014, complete genome",DENV-2,,,2014,Homo sapiens,10665.0,True,,,legacy
MF797878.1,"Dengue virus type 1 strain DENV1/EC/Esmeraldas/210/2014, complete genome",DENV-1,,,2014,Homo sapiens,10687.0,True,,,legacy
MF576311.1,"Dengue virus type 1 strain TC861HA, complete genome",DENV-1,,,1986,,10709.0,True,,,legacy
KY937190.1,"Dengue virus type 2 isolate XLXY10594, complete genome",DENV-2,,,2015,Homo sapiens,10741.0,True,,,legacy
KY937189.1,"Dengue virus type 2 isolate XZW10694, complete genome",DENV-2,,,2015,Homo sapiens,10734.0,True,,,legacy
KY937188.1,"Dengue virus type 2 isolate XHZF10615, complete genome",DENV-2,,,2015,Homo sapiens,10741.0,True,,,legacy
KY937187.1,"Dengue virus type 2 isolate XSMY10589, complete genome",DENV-2,,,2015,Homo sapiens,10742.0,True,,,legacy
KY937186.1,"Dengue virus type 2 isolate XLLM10666, complete genome",DENV-2,,,2015,Homo sapiens,10742.0,True,,,legacy
KY937185.1,"Dengue virus type 2 isolate XZXM10610, complete genome",DENV-2,,,2015,Homo sapiens,10742.0,True,,,legacy
KY451945.1,"Dengue virus 4 isolate CTI2-13, complete genome",DENV-4,,,2013,Aedes aegypti,10616.0,True,,,legacy
KX702404.1,"Dengue virus type 2 strain Homo sapiens/UF-1/Gainesville/2016, complete genome",DENV-2,,,2016,Homo sapiens,10723.0,True,,,legacy
MF405201.1,"Dengue virus type 1 strain YNPE1, complete genome",DENV-1,,,2015,Homo sapiens,10821.0,True,,,legacy
MF370226.1,"Dengue virus type 3 strain YNPE3, complete genome",DENV-3,,,2013,Homo sapiens,10627.0,True,,,legacy
KY863456.1,"Dengue virus type 3 isolate 201610225, complete genome",DENV-3,,,2016,Homo sapiens,10707.0,True,,,legacy
KY829115.1,"Dengue virus type 1 isolate H.sapiens-wt/BLM/2016/MA-WGS16-006-SER, complete genome",DENV-1,,,2016,Homo sapiens,10717.0,True,,,legacy
KX595191.1,"Dengue virus type 1 strain Hue265/2013, complete genome",DENV-1,,,2013,,10732.0,True,,,legacy
KT279761.2,"Dengue virus type 1 strain Haiti/1207/2014, complete genome",DENV-1,,,2014,Homo sapiens,10735.0,True,,,legacy
KY427085.1,"Dengue virus type 2 isolate RGCB921/2011, complete genome",DENV-2,,,2011,Homo sapiens; 30 year-old; male,10723.0,True,,,legacy
KY427084.1,"Dengue virus type 2 isolate RGCB880/2010, complete genome",DENV-2,,,2010,Homo sapiens; 1.5 months-old; female,10723.0,True,,,legacy
KY921910.1,"Dengue virus type 4 isolate SG(EHI)D4/04645Y16, complete genome",DENV-4,,,2016,Homo sapiens,10602.0,True,,,legacy
KY921909.1,"Dengue virus type 4 isolate SG(EHI)D4/09291Y16, complete genome",DENV-4,,,2016,Homo sapiens,10605.0,True,,,legacy
KY921907.1,"Dengue virus type 3 isolate SG(EHI)D3/15095Y15, complete genome",DENV-3,,,2015,Homo sapiens,10667.0,True,,,legacy
KY921906.1,"Dengue virus type 3 isolate SG(EHI)D3/23167Y15, complete genome",DENV-3,,,2015,Homo sapiens,10675.0,True,,,legacy
KY921905.1,"Dengue virus type 2 isolate SG(EHI)D2/09087Y15, complete genome",DENV-2,,,2015,Homo sapiens,10723.0,True,,,legacy
KY921904.1,"Dengue virus type 2 isolate SG(EHI)D2/09423Y14, complete genome",DENV-2,,,2014,Homo sapiens,10723.0,True,,,legacy
KY921903.1,"Dengue virus type 1 isolate SG(EHI)D1/03329Y15, complete genome",DENV-1,,,2015,Homo sapiens,10714.0,True,,,legacy
KY921902.1,"Dengue virus type 1 isolate SG(EHI)D1/10760Y15, complete genome",DENV-1,,,2015,Homo sapiens,10735.0,True,,,legacy
KX224312.2,"Dengue virus type 4 isolate SG(EHI)D4/02990Y14, complete genome",DENV-4,,,2014,Homo sapiens,10652.0,True,,,legacy
LC129172.1,"Dengue virus 2 genomic RNA, complete genome, strain: B6thymusP04-08",DENV-2,,,,Mus musculus,10723.0,True,,,legacy
LC129171.1,"Dengue virus 2 genomic RNA, complete genome, strain: B6brainP04-08",DENV-2,,,,Mus musculus,10723.0,True,,,legacy
LC129170.1,"Dengue virus 2 genomic RNA, complete genome, strain: B3brainP04-08",DENV-2,,,,Mus musculus,10723.0,True,,,legacy
LC129169.1,"Dengue virus 2 genomic RNA, complete genome, strain: P04-08",DENV-2,,,,Homo sapience,10723.0,True,,,legacy
KX845005.1,"Dengue virus type 4 strain UOH_23916, complete genome",DENV-4,,,2015,Homo sapiens,10647.0,True,,,legacy
KP792537.2,"Dengue virus type 4 isolate SG(EHI)D4/25178Y11, complete genome",DENV-4,,,2011,Homo sapiens,10651.0,True,,,legacy
KR779786.2,"Dengue virus type 2 isolate SG(EHI)D2/03157Y13, complete genome",DENV-2,,,2013,Homo sapiens,10723.0,True,,,legacy
AB214882.1,"Dengue virus 3 genomic RNA, nearly complete genome, strain: D3/Hu/TL129NIID/2005",DENV-3,,,,Homo sapiens,10707.0,True,,,legacy
AB214881.1,"Dengue virus 3 genomic RNA, nearly complete genome, strain: D3/Hu/TL109NIID/2005",DENV-3,,,,Homo sapiens,10707.0,True,,,legacy
AB214880.1,"Dengue virus 3 genomic RNA, nearly complete genome, strain: D3/Hu/TL029NIID/2005",DENV-3,,,,Homo sapiens,10707.0,True,,,legacy
AB214879.1,"Dengue virus 3 genomic RNA, nearly complete genome, strain: D3/Hu/TL018NIID/2005",DENV-3,,,,Homo sapiens,10707.0,True,,,legacy
AB195673.1,"Dengue virus 1 genomic RNA, complete genome, strain: D1/hu/Seychelles/NIID41/2003",DENV-1,,,,Homo sapiens,10718.0,True,,,legacy
KY627763.1,"Dengue virus type 2 strain 7754691/BF/2016, complete genome",DENV-2,,,2016,Homo sapiens,10675.0,True,,,legacy
KX655788.1,"Dengue virus type 2 isolate GZ8_70/M/Baiyun/2013/DEV2, complete genome",DENV-2,,,2015,Homo sapiens,10668.0,True,,,legacy
KX655787.1,"Dengue virus type 2 isolate GZ8_15/S/GZ/2014/DEV2, complete genome",DENV-2,,,2015,Homo sapiens,10635.0,True,,,legacy
KX655786.1,"Dengue virus type 2 isolate GZ8_12/S/Panyu/2014/DEV2, complete genome",DENV-2,,,2015,Homo sapiens,10653.0,True,,,legacy
KX621253.1,"Dengue virus type 1 isolate GZ-201601, complete genome",DENV-1,,,,Homo sapiens,10714.0,True,,,legacy
KX621252.1,"Dengue virus type 1 isolate GZ8_84/S/GZ/2014/DEV1, complete genome",DENV-1,,,2014,Homo sapiens,10618.0,True,,,legacy
KX621251.1,"Dengue virus type 1 isolate GZ8_55/S/Baiyun/2013/DEV1, complete genome",DENV-1,,,2013,Homo sapiens,10624.0,True,,,legacy
KX621250.1,"Dengue virus type 1 isolate GZ8_46/S/Haizhu/2014/DEV1, complete genome",DENV-1,,,2014,Homo sapiens,10649.0,True,,,legacy
KX621249.1,"Dengue virus type 1 isolate GZ-4/M/GZ/2014/DEV1, complete genome",DENV-1,,,2014,Homo sapiens,10643.0,True,,,legacy
KX621248.1,"Dengue virus type 2 isolate 2015-CZ-23, complete genome",DENV-2,,,2015,Homo sapiens,10681.0,True,,,legacy
KX621247.1,"Dengue virus type 2 isolate 2015-CZ-17, complete genome",DENV-2,,,2015,Homo sapiens,10681.0,True,,,legacy
KX621246.1,"Dengue virus type 2 isolate 2015-CZ-7, complete genome",DENV-2,,,2015,Homo sapiens,10681.0,True,,,legacy
KX621245.1,"Dengue virus type 2 isolate 2015-CZ-5, complete genome",DENV-2,,,2015,Homo sapiens,10681.0,True,,,legacy
KX459392.1,"Dengue virus type 1 isolate GZ8_81/S/Panyu/2014/DEV1, complete genome",DENV-1,,,2014,Homo sapiens,10673.0,True,,,legacy
KX459391.1,"Dengue virus type 1 isolate GZ8_50/S/Zengcheng/2014/DEV1, complete genome",DENV-1,,,2014,Homo sapiens,10623.0,True,,,legacy
KX459390.1,"Dengue virus type 1 isolate GZ8_48/S/Yuexiu/2014/DEV1, complete genome",DENV-1,,,2014,Homo sapiens,10668.0,True,,,legacy
KX459389.1,"Dengue virus type 1 isolate GZ8_44/S/Tianhe/2014/DEV1, complete genome",DENV-1,,,2014,Homo sapiens,10664.0,True,,,legacy
KX459388.1,"Dengue virus type 1 isolate Gz-7/M/GZ/2014/DEV1, complete genome",DENV-1,,,2014,Homo sapiens,10666.0,True,,,legacy
KX459387.1,"Dengue virus type 1 isolate GZ-6/M/GZ/2014/DEV1, complete genome",DENV-1,,,2014,Homo sapiens,10670.0,True,,,legacy
KX459386.1,"Dengue virus type 1 isolate Gz-2/M/GZ/2014/DEV1, complete genome",DENV-1,,,2014,Homo sapiens,10666.0,True,,,legacy
KY415992.1,"Dengue virus type 2 strain Homo sapiens/Haiti-0078/2014, complete genome",DENV-2,,,2014,Homo sapiens,10724.0,True,,,legacy
KU509288.1,"Dengue virus type 4 strain DENV4-61120, complete genome",DENV-4,,,2010,Homo sapiens,10500.0,True,,,legacy
KU509287.1,"Dengue virus type 4 strain DENV4-3274, complete genome",DENV-4,,,2009,Homo sapiens,10505.0,True,,,legacy
KU509286.1,"Dengue virus type 3 strain DENV3-9468, complete genome",DENV-3,,,2011,Homo sapiens,10493.0,True,,,legacy
KU509285.1,"Dengue virus type 3 strain DENV3-8561, complete genome",DENV-3,,,2010,Homo sapiens,10492.0,True,,,legacy
KU509284.1,"Dengue virus type 3 strain DENV3-3847, complete genome",DENV-3,,,2008,Homo sapiens,10490.0,True,,,legacy
KU509283.1,"Dengue virus type 3 strain DENV3-3404, complete genome",DENV-3,,,2006,Homo sapiens,10336.0,True,,,legacy
KU509282.1,"Dengue virus type 3 strain DENV3-3140, complete genome",DENV-3,,,2009,Homo sapiens,10568.0,True,,,legacy
KU509281.1,"Dengue virus type 3 strain DENV3-2994, complete genome",DENV-3,,,2009,Homo sapiens,10259.0,True,,,legacy
KU509280.1,"Dengue virus type 3 strain DENV3-1631, complete genome",DENV-3,,,2011,Homo sapiens,10261.0,True,,,legacy
KU509279.1,"Dengue virus type 3 strain DENV3-632, complete genome",DENV-3,,,2008,Homo sapiens,10312.0,True,,,legacy
KU509278.1,"Dengue virus type 3 strain DENV3-254, complete genome",DENV-3,,,2007,Homo sapiens,10270.0,True,,,legacy
KU509277.1,"Dengue virus type 2 strain DENV2-14706, complete genome",DENV-2,,,2010,Homo sapiens,10551.0,True,,,legacy
KU509276.1,"Dengue virus type 2 strain DENV2-3850, complete genome",DENV-2,,,2008,Homo sapiens,10395.0,True,,,legacy
KU509275.1,"Dengue virus type 2 strain DENV2-3849, complete genome",DENV-2,,,2008,Homo sapiens,10455.0,True,,,legacy
KU509274.1,"Dengue virus type 2 strain DENV2-3519, complete genome",DENV-2,,,2010,Homo sapiens,10540.0,True,,,legacy
KU509273.1,"Dengue virus type 2 strain DENV2-3229, complete genome",DENV-2,,,2011,Homo sapiens,10543.0,True,,,legacy
KU509272.1,"Dengue virus type 2 strain DENV2-1365, complete genome",DENV-2,,,2009,Homo sapiens,10262.0,True,,,legacy
KU509271.1,"Dengue virus type 2 strain DENV2-2627, complete genome",DENV-2,,,2006,Homo sapiens,10546.0,True,,,legacy
KU509270.1,"Dengue virus type 2 strain DENV2-979, complete genome",DENV-2,,,2012,Homo sapiens,10536.0,True,,,legacy
KU509269.1,"Dengue virus type 2 strain DENV2-973, complete genome",DENV-2,,,2009,Homo sapiens,10557.0,True,,,legacy
KU509267.1,"Dengue virus type 2 strain DENV2-30, complete genome",DENV-2,,,2010,Homo sapiens,10567.0,True,,,legacy
KU509266.1,"Dengue virus type 1 strain DENV1-18805, complete genome",DENV-1,,,2012,Homo sapiens,10665.0,True,,,legacy
KU509265.1,"Dengue virus type 1 strain DENV1-18439, complete genome",DENV-1,,,2012,Homo sapiens,10593.0,True,,,legacy
KU509264.1,"Dengue virus type 1 strain DENV1-18037, complete genome",DENV-1,,,2010,Homo sapiens,10246.0,True,,,legacy
KU509263.1,"Dengue virus type 1 strain DENV1-18014, complete genome",DENV-1,,,2012,Homo sapiens,10375.0,True,,,legacy
KU509262.1,"Dengue virus type 1 strain DENV1-3845, complete genome",DENV-1,,,2008,Homo sapiens,10586.0,True,,,legacy
KU509261.1,"Dengue virus type 1 strain DENV1-3746, complete genome",DENV-1,,,2010,Homo sapiens,10583.0,True,,,legacy
KU509260.1,"Dengue virus type 1 strain DENV1-3616, complete genome",DENV-1,,,2008,Homo sapiens,10378.0,True,,,legacy
KU509259.1,"Dengue virus type 1 strain DENV1-2878, complete genome",DENV-1,,,2008,Homo sapiens,10580.0,True,,,legacy
KU509258.1,"Dengue virus type 1 strain DENV1-2522, complete genome",DENV-1,,,2010,Homo sapiens,10377.0,True,,,legacy
KU509257.1,"Dengue virus type 1 strain DENV1-1990, complete genome",DENV-1,,,2008,Homo sapiens,10586.0,True,,,legacy
KU509256.1,"Dengue virus type 1 strain DENV1-384, complete genome",DENV-1,,,2009,Homo sapiens,10579.0,True,,,legacy
KU509255.1,"Dengue virus type 1 strain DENV1-16687, complete genome",DENV-1,,,2011,Homo sapiens,10335.0,True,,,legacy
KU509254.1,"Dengue virus type 1 strain DENV1-10429, complete genome",DENV-1,,,2011,Homo sapiens,10569.0,True,,,legacy
KU509253.1,"Dengue virus type 1 strain DENV1-8356, complete genome",DENV-1,,,2010,Homo sapiens,10624.0,True,,,legacy
KU509252.1,"Dengue virus type 1 strain DENV1-4876, complete genome",DENV-1,,,2010,Homo sapiens,10554.0,True,,,legacy
KU509251.1,"Dengue virus type 1 strain DENV1-3852, complete genome",DENV-1,,,2008,Homo sapiens,10290.0,True,,,legacy
KU509250.1,"Dengue virus type 1 strain DENV1-17461, complete genome",DENV-1,,,2012,Homo sapiens,10567.0,True,,,legacy
KU509249.1,"Dengue virus type 1 strain DENV1-17388, complete genome",DENV-1,,,2012,Homo sapiens,10582.0,True,,,legacy
KT424097.1,"Dengue virus type 3 isolate Pythium, complete genome",DENV-3,,,2014,Pythium insidiosum,10681.0,True,,,legacy
KX225493.1,"Dengue virus type 1 isolate GZ-12/M/GZ/2014/DEV1, complete genome",DENV-1,,,2015,Homo sapiens,10691.0,True,,,legacy
KX225492.1,"Dengue virus type 1 isolate GZ-11/M/GZ/2014/DEV1, complete genome",DENV-1,,,2015,Homo sapiens,10691.0,True,,,legacy
KX225491.1,"Dengue virus type 1 isolate GZ8_A3795/M/GZ/2006/DEV1, complete genome",DENV-1,,,2015,Homo sapiens,10688.0,True,,,legacy
KX225490.1,"Dengue virus type 1 isolate GZ8_67/S/Baiyun/2013/DEV1, complete genome",DENV-1,,,2015,Homo sapiens,10676.0,True,,,legacy
KX225489.1,"Dengue virus type 1 isolate GZ8_63/S/Liwan/2013/DEV1, complete genome",DENV-1,,,2015,Homo sapiens,10678.0,True,,,legacy
KX225488.1,"Dengue virus type 1 isolate GZ8_59/S/Dongshan/2013/DEV1, complete genome",DENV-1,,,2015,Homo sapiens,10692.0,True,,,legacy
KX225487.1,"Dengue virus type 1 isolate GZ8_53/S/Liwan/2013/DEV1, complete genome",DENV-1,,,2015,Homo sapiens,10618.0,True,,,legacy
KX225486.1,"Dengue virus type 2 isolate GZ8_19/S/Haizhu/2014/DEV2, complete genome",DENV-2,,,2015,Homo sapiens,10631.0,True,,,legacy
KX225485.1,"Dengue virus type 2 isolate GZ8_13/S/Yuexiu/2014/DEV2, complete genome",DENV-2,,,2015,Homo sapiens,10668.0,True,,,legacy
KX225484.1,"Dengue virus type 1 isolate GZ8_9/S/Yuexiu/2014/DEV1, complete genome",DENV-1,,,2015,Homo sapiens,10692.0,True,,,legacy
KX225483.1,"Dengue virus type 1 isolate GZ8_2/S/Yuexiu/2014/DEV1, complete genome",DENV-1,,,2015,Homo sapiens,10651.0,True,,,legacy
KX620455.1,"Dengue virus type 1 isolate Sz-25/M/SZ/2014/DEV1, complete genome",DENV-1,,,2014,Homo sapiens,10687.0,True,,,legacy
KX620454.1,"Dengue virus type 1 isolate Sz-9/M/SZ/2014/DEV1, complete genome",DENV-1,,,2014,Homo sapiens,10443.0,True,,,legacy
KX620453.1,"Dengue virus type 1 isolate Sz-8/M/SZ/2014/DEV1, complete genome",DENV-1,,,2014,Homo sapiens,10667.0,True,,,legacy
KX620452.1,"Dengue virus type 1 isolate Sz-1/M/SZ/2014/DEV1, complete genome",DENV-1,,,2014,Homo sapiens,10666.0,True,,,legacy
KX620451.1,"Dengue virus type 1 isolate LRY-N/M/SZ/2014/DEV1, complete genome",DENV-1,,,2014,Homo sapiens,10670.0,True,,,legacy
KX702403.1,"Dengue virus type 2 strain Dengue virus 2/Homo sapiens/Haiti-1/2016, complete genome",DENV-2,,,2016,Homo sapiens,10724.0,True,,,legacy
KX372564.1,"Dengue virus type 2 strain QML16, complete genome",DENV-2,,,2015,Homo sapiens; Dengue patient,10723.0,True,,,legacy
KX274130.1,"Dengue virus type 2 strain QML22, complete genome",DENV-2,,,2015,Homo sapiens,10736.0,True,,,legacy
KU523872.1,"Dengue virus type 4 strain ID-CN27-15, complete genome",DENV-4,,,2015,Homo sapiens,10653.0,True,,,legacy
KU523871.1,"Dengue virus type 4 strain PH-CN08-14, complete genome",DENV-4,,,2014,Homo sapiens,10589.0,True,,,legacy
HQ541804.1,"Dengue virus 3 isolate DENV-3/NI/BID-V4770/2009, partial genome",DENV-3,,,2009,Homo sapiens,10264.0,False,,,legacy
HQ541803.1,"Dengue virus 3 isolate DENV-3/NI/BID-V4792/2009, partial genome",DENV-3,,,2009,Homo sapiens,8427.0,False,,,legacy
HQ541802.1,"Dengue virus 3 isolate DENV-3/NI/BID-V4741/2009, partial genome",DENV-3,,,2009,Homo sapiens,10229.0,False,,,legacy
HQ541800.1,"Dengue virus 2 isolate DENV-2/NI/BID-V4638/2005, partial genome",DENV-2,,,2005,Homo sapiens,8617.0,False,,,legacy
GQ199605.1,"Dengue virus 2 isolate DENV-2/NI/BID-V1725/2007, partial genome",DENV-2,,,2007,Homo sapiens,8585.0,False,,,legacy
FJ913016.1,"Dengue virus 2 isolate DENV-2/NI/BID-V1295/2007, partial genome",DENV-2,,,2007,Homo sapiens,8585.0,False,,,legacy
KU517847.1,"Dengue virus type 2 isolate PH-CN77-15, complete genome",DENV-2,,,2015,Homo sapiens,10723.0,True,,,legacy
KU517845.1,"Dengue virus type 2 isolate PG-CN10-13, complete genome",DENV-2,,,2013,Homo sapiens,10723.0,True,,,legacy
AY858048.2,"Dengue virus 3 strain TB55i, complete genome",DENV-3,,,,Homo sapiens,10707.0,True,,,legacy
AY858047.2,"Dengue virus 3 strain TB16, complete genome",DENV-3,,,,Homo sapiens,10688.0,True,,,legacy
AY858046.2,"Dengue virus 3 strain PI64, complete genome",DENV-3,,,,Homo sapiens,10707.0,True,,,legacy
AY858045.2,"Dengue virus 3 strain PH86, complete genome",DENV-3,,,,Homo sapiens,10707.0,True,,,legacy
AY858044.2,"Dengue virus 3 strain KJ71, complete genome",DENV-3,,,,Homo sapiens,10707.0,True,,,legacy
AY858043.2,"Dengue virus 3 strain KJ46, complete genome",DENV-3,,,,Homo sapiens,10706.0,True,,,legacy
AY858042.2,"Dengue virus 3 strain KJ30i, complete genome",DENV-3,,,,Homo sapiens,10707.0,True,,,legacy
AY858041.2,"Dengue virus 3 strain FW06, complete genome",DENV-3,,,,Homo sapiens,10707.0,True,,,legacy
AY858040.2,"Dengue virus 3 strain FW01, complete genome",DENV-3,,,,Homo sapiens,10706.0,True,,,legacy
AY858039.2,"Dengue virus 3 strain den3_98, complete genome",DENV-3,,,,Homo sapiens,10707.0,True,,,legacy
AY858038.2,"Dengue virus 3 strain den3_88, complete genome",DENV-3,,,,Homo sapiens,10707.0,True,,,legacy
AY858037.2,"Dengue virus 3 strain BA51, complete genome",DENV-3,,,,Homo sapiens,10707.0,True,,,legacy
KU948303.1,"Dengue virus type 2 isolate 2016_Singapore_NUH_MDC_DENV-2_variant, complete genome",DENV-2,,,2016,Homo sapiens,10707.0,True,,,legacy
KP188547.1,"Dengue virus 1 isolate DENV1 BR/SJRP/807/2013, complete genome",DENV-1,,,2013,Homo sapiens,10776.0,True,,,legacy
KP188545.1,"Dengue virus 1 isolate BR/SJRP/709/2013, complete genome",DENV-1,,,2013,Homo sapiens,10621.0,True,,,legacy
KP188569.1,"Dengue virus 2 isolate BR/SJRP/2298/2014, complete genome",DENV-2,,,2014,Homo sapiens,10420.0,True,,,legacy
KP188568.1,"Dengue virus 1 isolate BR/SJRP/2271/2014, complete genome",DENV-1,,,2014,Homo sapiens,10607.0,True,,,legacy
KP188567.1,"Dengue virus 1 isolate BR/SJRP/1107/2013, complete genome",DENV-1,,,2013,Homo sapiens,10618.0,True,,,legacy
KP188566.1,"Dengue virus 4 isolate BR/SJRP/850/2013, complete genome",DENV-4,,,2013,Homo sapiens,10426.0,True,,,legacy
KP188565.1,"Dengue virus 4 isolate BR/SJRP/733/2013, complete genome",DENV-4,,,2013,Homo sapiens,10355.0,True,,,legacy
KP188564.1,"Dengue virus 4 isolate BR/SJRP/614/2013, complete genome",DENV-4,,,2013,Homo sapiens,10618.0,True,,,legacy
KP188563.1,"Dengue virus 4 isolate BR/SJRP/610/2013, complete genome",DENV-4,,,2013,Homo sapiens,10654.0,True,,,legacy
KP188562.1,"Dengue virus 4 isolate BR/SJRP/580/2012, complete genome",DENV-4,,,2012,Homo sapiens,10649.0,True,,,legacy
KP188561.1,"Dengue virus 4 isolate BR/SJRP/556/2012, complete genome",DENV-4,,,2012,Homo sapiens,10438.0,True,,,legacy
KP188560.1,"Dengue virus 4 isolate BR/SJRP/514/2012, complete genome",DENV-4,,,2012,Homo sapiens,10576.0,True,,,legacy
KP188559.1,"Dengue virus 4 isolate BR/SJRP/506/2012, complete genome",DENV-4,,,2012,Homo sapiens,10372.0,True,,,legacy
KP188558.1,"Dengue virus 4 isolate BR/SJRP/505/2012, complete genome",DENV-4,,,2012,Homo sapiens,10572.0,True,,,legacy
KP188557.1,"Dengue virus 4 isolate BR/SJRP/500/2012, complete genome",DENV-4,,,2012,Homo sapiens,10425.0,True,,,legacy
KP188556.1,"Dengue virus 2 isolate BR/SJRP/869/2013, complete genome",DENV-2,,,2013,Homo sapiens,10526.0,True,,,legacy
KP188555.1,"Dengue virus 2 isolate BR/SJRP/846/2013, complete genome",DENV-2,,,2013,Homo sapiens,10657.0,True,,,legacy
KP188554.1,"Dengue virus 2 isolate BR/SJRP/779/2013, complete genome",DENV-2,,,2013,Homo sapiens,10699.0,True,,,legacy
KP188553.1,"Dengue virus 2 isolate BR/SJRP/615/2013, complete genome",DENV-2,,,2013,Homo sapiens,10403.0,True,,,legacy
KP188552.1,"Dengue virus 2 isolate BR/SJRP/572/2012, complete genome",DENV-2,,,2012,Homo sapiens,10527.0,True,,,legacy
KP188551.1,"Dengue virus 2 isolate BR/SJRP/567/2012, complete genome",DENV-2,,,2012,Homo sapiens,10603.0,True,,,legacy
KP188550.1,"Dengue virus 2 isolate BR/SJRP/350/2008, complete genome",DENV-2,,,2008,Homo sapiens,10708.0,True,,,legacy
KP188549.1,"Dengue virus 2 isolate BR/SJRP/327/2006, complete genome",DENV-2,,,2006,Homo sapiens,10783.0,True,,,legacy
KP188548.1,"Dengue virus 1 isolate BR/SJRP/885/2013, complete genome",DENV-1,,,2013,Homo sapiens,10647.0,True,,,legacy
KP188546.1,"Dengue virus 1 isolate DENV1 BR/SJRP/778/2013, complete genome",DENV-1,,,2013,Homo sapiens,10663.0,True,,,legacy
KP188544.1,"Dengue virus 1 isolate DENV1 BR/SJRP/509/2012, complete genome",DENV-1,,,2012,Homo sapiens,10917.0,True,,,legacy
KP188543.1,"Dengue virus 1 isolate DENV1 BR/SJRP/484/2012, complete genome",DENV-1,,,2012,Homo sapiens,10917.0,True,,,legacy
KP188542.1,"Dengue virus 1 isolate BR/SJRP/395/2011, complete genome",DENV-1,,,2011,Homo sapiens,10607.0,True,,,legacy
KP188541.1,"Dengue virus 1 isolate DENV1 BR/SJRP/354/2011, complete genome",DENV-1,,,2011,Homo sapiens,10490.0,True,,,legacy
KP188540.1,"Dengue virus 1 isolate DENV1 BR/SJRP/287/2011, complete genome",DENV-1,,,2011,Homo sapiens,10699.0,True,,,legacy
KP188539.1,"Dengue virus 1 isolate DENV1 BR/SJRP/17/2010, complete genome",DENV-1,,,2010,Homo sapiens,10416.0,True,,,legacy
KX458014.1,"Dengue virus type 1 isolate N46/DENV-1/M/GZ/2014, complete genome",DENV-1,,,2014,Homo sapiens,10735.0,True,,,legacy
KX458013.1,"Dengue virus type 1 isolate N5/DENV-1/M/GZ/2014, partial genome",DENV-1,,,2014,Homo sapiens,10636.0,False,,,legacy
KU513442.1,"Dengue virus type 4 isolate TVP/360, complete genome",DENV-4,,,,,10649.0,True,,,legacy
KU513441.1,"Dengue virus type 4 isolate LRV13/422, complete genome",DENV-4,,,2013,Homo sapiens,10650.0,True,,,legacy
KP723478.1,"Dengue virus 2 isolate DENV2/CN/GZ25/2014, complete genome",DENV-2,,,2014,Homo sapiens,10583.0,True,,,legacy
KP723476.1,"Dengue virus 1 isolate DENV1/CN/GZ35/2014, complete genome",DENV-1,,,2014,Homo sapiens,10628.0,True,,,legacy
KP723473.1,"Dengue virus 1 isolate DENV1/CN/GZ27/2014, complete genome",DENV-1,,,2014,Homo sapiens,10630.0,True,,,legacy
KP012546.1,"Dengue virus 2 isolate DENV2/CN/GZ05/2014, complete genome",DENV-2,,,2014,Homo sapiens,10723.0,True,,,legacy
KU725666.1,"Dengue virus type 3 strain PGMK30FRhL3, complete genome",DENV-3,,,,,10696.0,True,,,legacy
KU725665.1,"Dengue virus type 3 strain 16562, complete genome",DENV-3,,,,,10696.0,True,,,legacy
KU725664.1,"Dengue virus type 2 strain PDK53, complete genome",DENV-2,,,,,10723.0,True,,,legacy
KU725663.1,"Dengue virus type 2 strain 16681, complete genome",DENV-2,,,,,10723.0,True,,,legacy
KT726361.1,"Dengue virus type 3 isolate Cuba_20_2002, complete genome",DENV-3,,,2002,Homo sapiens,10663.0,True,,,legacy
KT726360.1,"Dengue virus type 3 isolate Cuba_73_2001, complete genome",DENV-3,,,2001,Homo sapiens,10663.0,True,,,legacy
KT726359.1,"Dengue virus type 3 isolate Cuba_558_2001, complete genome",DENV-3,,,2001,Homo sapiens,10663.0,True,,,legacy
KT726358.1,"Dengue virus type 3 isolate Cuba_547_2001, complete genome",DENV-3,,,2001,Homo sapiens,10663.0,True,,,legacy
KT726357.1,"Dengue virus type 3 isolate Cuba_546_2001, complete genome",DENV-3,,,2001,Homo sapiens,10663.0,True,,,legacy
KT726356.1,"Dengue virus type 3 isolate Cuba_523_2001, complete genome",DENV-3,,,2001,Homo sapiens,10663.0,True,,,legacy
KT726355.1,"Dengue virus type 3 isolate Cuba_513_2001, complete genome",DENV-3,,,2001,Homo sapiens,10663.0,True,,,legacy
KT726354.1,"Dengue virus type 3 isolate Cuba_504_2001, complete genome",DENV-3,,,2001,Homo sapiens,10663.0,True,,,legacy
KT726353.1,"Dengue virus type 3 isolate Cuba_492_2001, complete genome",DENV-3,,,2001,Homo sapiens,10663.0,True,,,legacy
KT726352.1,"Dengue virus type 3 isolate Cuba_463_2001, complete genome",DENV-3,,,2001,Homo sapiens,10663.0,True,,,legacy
KT726351.1,"Dengue virus type 3 isolate Cuba_568_2001, complete genome",DENV-3,,,2001,Homo sapiens,10663.0,True,,,legacy
KT726350.1,"Dengue virus type 3 isolate Cuba_26_2001, complete genome",DENV-3,,,2001,Homo sapiens,10663.0,True,,,legacy
KT726349.1,"Dengue virus type 3 isolate Cuba_15_2001, complete genome",DENV-3,,,2001,Homo sapiens,10663.0,True,,,legacy
KT726348.1,"Dengue virus type 3 isolate Cuba_21_2002, complete genome",DENV-3,,,2002,Homo sapiens,10663.0,True,,,legacy
KT726347.1,"Dengue virus type 3 isolate Cuba_17_2002, complete genome",DENV-3,,,2002,Homo sapiens,10663.0,True,,,legacy
KT726346.1,"Dengue virus type 3 isolate Cuba_16_2002, complete genome",DENV-3,,,2002,Homo sapiens,10663.0,True,,,legacy
KT726345.1,"Dengue virus type 3 isolate Cuba_11_2002, complete genome",DENV-3,,,2002,Homo sapiens,10663.0,True,,,legacy
KT726344.1,"Dengue virus type 3 isolate Cuba_580_2001, complete genome",DENV-3,,,2001,Homo sapiens,10663.0,True,,,legacy
KT726343.1,"Dengue virus type 3 isolate Cuba_557_2001, complete genome",DENV-3,,,2001,Homo sapiens,10663.0,True,,,legacy
KT726342.1,"Dengue virus type 3 isolate Cuba_553_2001, complete genome",DENV-3,,,2001,Homo sapiens,10663.0,True,,,legacy
KT726341.1,"Dengue virus type 3 isolate Cuba_167_2001, complete genome",DENV-3,,,2001,Homo sapiens,10663.0,True,,,legacy
KT726340.1,"Dengue virus type 3 isolate Cuba_118_2001, complete genome",DENV-3,,,2001,Homo sapiens,10663.0,True,,,legacy
KT831765.1,"Dengue virus type 1 isolate BO15/14, partial genome",DENV-1,,,2014,Homo sapiens,10674.0,False,,,legacy
KT794007.1,"Dengue virus type 4 isolate BR005AM_2011, complete genome",DENV-4,,,2011,Homo sapiens,10649.0,True,,,legacy
KJ755855.1,"Dengue virus 1 isolate NIV_K130706770_India, complete genome",DENV-1,,,2013,Homo sapiens,10727.0,True,,,legacy
KR919821.1,"Dengue virus isolate TSV08, complete genome",,,,2008,Homo sapiens,10735.0,True,,,legacy
KR919820.1,"Dengue virus isolate Brun2014, complete genome",,,,2014,Homo sapiens,10724.0,True,,,legacy
KM403636.1,"Dengue virus 1 isolate SGEHI(D1)03120Y13, complete genome",DENV-1,,,2013,Homo sapiens,10714.0,True,,,legacy
KM403635.1,"Dengue virus 1 isolate SGEHI(D1)40115Y13, complete genome",DENV-1,,,2013,Homo sapiens,10714.0,True,,,legacy
KM403634.1,"Dengue virus 1 isolate SGEHI(D1)22176Y13, complete genome",DENV-1,,,2013,Homo sapiens,10714.0,True,,,legacy
KM403633.1,"Dengue virus 1 isolate SGEHI(D1)09125Y13, complete genome",DENV-1,,,2013,Homo sapiens,10714.0,True,,,legacy
KM403632.1,"Dengue virus 1 isolate SGEHI(D1)51687Y13, complete genome",DENV-1,,,2013,Homo sapiens,10714.0,True,,,legacy
KM403631.1,"Dengue virus 1 isolate SGEHI(D1)50722Y13, complete genome",DENV-1,,,2013,Homo sapiens,10714.0,True,,,legacy
KM403630.1,"Dengue virus 1 isolate SGEHI(D1)22272Y13, complete genome",DENV-1,,,2013,Homo sapiens,10714.0,True,,,legacy
KM403629.1,"Dengue virus 1 isolate SGEHI(D1)12044Y13, complete genome",DENV-1,,,2013,Homo sapiens,10637.0,True,,,legacy
KM403628.1,"Dengue virus 1 isolate SGEHI(D1)10498Y13, complete genome",DENV-1,,,2013,Homo sapiens,10714.0,True,,,legacy
KM403627.1,"Dengue virus 1 isolate SGEHI(D1)03513Y13, complete genome",DENV-1,,,2013,Homo sapiens,10714.0,True,,,legacy
KM403626.1,"Dengue virus 1 isolate SGEHI(D1)50837Y13, complete genome",DENV-1,,,2013,Homo sapiens,10714.0,True,,,legacy
KM403625.1,"Dengue virus 1 isolate SGEHI(D1)50688Y13, complete genome",DENV-1,,,2013,Homo sapiens,10714.0,True,,,legacy
KM403624.1,"Dengue virus 1 isolate SGEHI(D1)46841Y13, complete genome",DENV-1,,,2013,Homo sapiens,10714.0,True,,,legacy
KM403623.1,"Dengue virus 1 isolate SGEHI(D1)43144Y13, complete genome",DENV-1,,,2013,Homo sapiens,10714.0,True,,,legacy
KM403622.1,"Dengue virus 1 isolate SGEHI(D1)41379Y13, complete genome",DENV-1,,,2013,Homo sapiens,10714.0,True,,,legacy
KM403621.1,"Dengue virus 1 isolate SGEHI(D1)40160Y13, complete genome",DENV-1,,,2013,Homo sapiens,10662.0,True,,,legacy
KM403620.1,"Dengue virus 1 isolate SGEHI(D1)35663Y13, complete genome",DENV-1,,,2013,Homo sapiens,10698.0,True,,,legacy
KM403619.1,"Dengue virus 1 isolate SGEHI(D1)23018Y13, complete genome",DENV-1,,,2013,Homo sapiens,10714.0,True,,,legacy
KM403618.1,"Dengue virus 1 isolate SGEHI(D1)10689Y13, complete genome",DENV-1,,,2013,Homo sapiens,10714.0,True,,,legacy
KM403617.1,"Dengue virus 1 isolate SGEHI(D1)38030Y13, complete genome",DENV-1,,,2013,Homo sapiens,10714.0,True,,,legacy
KM403616.1,"Dengue virus 1 isolate SGEHI(D1)28740Y13, complete genome",DENV-1,,,2013,Homo sapiens,10714.0,True,,,legacy
KM403615.1,"Dengue virus 1 isolate SGEHI(D1)36303Y13, complete genome",DENV-1,,,2013,Homo sapiens,10714.0,True,,,legacy
KM403614.1,"Dengue virus 1 isolate SGEHI(D1)23537Y13, complete genome",DENV-1,,,2013,Homo sapiens,10714.0,True,,,legacy
KM403613.1,"Dengue virus 1 isolate SGEHI(D1)48695Y13, complete genome",DENV-1,,,2013,Homo sapiens,10714.0,True,,,legacy
KM403612.1,"Dengue virus 1 isolate SGEHI(D1)22740Y13, complete genome",DENV-1,,,2013,Homo sapiens,10714.0,True,,,legacy
KM403611.1,"Dengue virus 1 isolate SGEHI(D1)21860Y13, complete genome",DENV-1,,,2013,Homo sapiens,10714.0,True,,,legacy
KM403610.1,"Dengue virus 1 isolate SGEHI(D1)21672Y13, complete genome",DENV-1,,,2013,Homo sapiens,10714.0,True,,,legacy
KM403609.1,"Dengue virus 1 isolate SGEHI(D1)21469Y13, complete genome",DENV-1,,,2013,Homo sapiens,10714.0,True,,,legacy
KM403608.1,"Dengue virus 1 isolate SGEHI(D1)19725Y13, complete genome",DENV-1,,,2013,Homo sapiens,10714.0,True,,,legacy
KM403607.1,"Dengue virus 1 isolate SGEHI(D1)18736Y13, complete genome",DENV-1,,,2013,Homo sapiens,10714.0,True,,,legacy
KM403606.1,"Dengue virus 1 isolate SGEHI(D1)16267Y13, complete genome",DENV-1,,,2013,Homo sapiens,10714.0,True,,,legacy
KM403605.1,"Dengue virus 1 isolate SGEHI(D1)16120Y13, complete genome",DENV-1,,,2013,Homo sapiens,10714.0,True,,,legacy
KM403604.1,"Dengue virus 1 isolate SGEHI(D1)15073Y13, complete genome",DENV-1,,,2013,Homo sapiens,10714.0,True,,,legacy
KM403603.1,"Dengue virus 1 isolate SGEHI(D1)13943Y13, complete genome",DENV-1,,,2013,Homo sapiens,10714.0,True,,,legacy
KM403602.1,"Dengue virus 1 isolate SGEHI(D1)45748Y13, complete genome",DENV-1,,,2013,Homo sapiens,10714.0,True,,,legacy
KM403601.1,"Dengue virus 1 isolate SGEHI(D1)26957Y13, complete genome",DENV-1,,,2013,Homo sapiens,10648.0,True,,,legacy
KM403600.1,"Dengue virus 1 isolate SGEHI(D1)22054Y13, complete genome",DENV-1,,,2013,Homo sapiens,10699.0,True,,,legacy
KM403599.1,"Dengue virus 1 isolate SGEHI(D1)15005Y13, complete genome",DENV-1,,,2013,Homo sapiens,10670.0,True,,,legacy
KM403598.1,"Dengue virus 1 isolate SGEHI(D1)25135Y13, complete genome",DENV-1,,,2013,Homo sapiens,10646.0,True,,,legacy
KM403597.1,"Dengue virus 1 isolate SGEHI(D1)21152Y13, complete genome",DENV-1,,,2013,Homo sapiens,10714.0,True,,,legacy
KM403596.1,"Dengue virus 1 isolate SGEHI(D1)23469Y13, complete genome",DENV-1,,,2013,Homo sapiens,10714.0,True,,,legacy
KM403595.1,"Dengue virus 1 isolate SGEHI(D1)14592Y13, complete genome",DENV-1,,,2013,Homo sapiens,10714.0,True,,,legacy
KM403594.1,"Dengue virus 1 isolate SGEHI(D1)41081Y13, complete genome",DENV-1,,,2013,Homo sapiens,10714.0,True,,,legacy
KM403593.1,"Dengue virus 1 isolate SGEHI(D1)12543Y13, complete genome",DENV-1,,,2013,Homo sapiens,10713.0,True,,,legacy
KM403592.1,"Dengue virus 1 isolate SGEHI(D1)10152Y13, complete genome",DENV-1,,,2013,Homo sapiens,10714.0,True,,,legacy
KM403591.1,"Dengue virus 1 isolate SGEHI(D1)17497Y13, complete genome",DENV-1,,,2013,Homo sapiens,10714.0,True,,,legacy
KM403590.1,"Dengue virus 1 isolate SGEHI(D1)26591Y13, complete genome",DENV-1,,,2013,Homo sapiens,10714.0,True,,,legacy
KM403589.1,"Dengue virus 1 isolate SGEHI(D1)44881Y13, complete genome",DENV-1,,,2013,Homo sapiens,10714.0,True,,,legacy
KM403588.1,"Dengue virus 1 isolate SGEHI(D1)15822Y13, complete genome",DENV-1,,,2013,Homo sapiens,10714.0,True,,,legacy
KM403587.1,"Dengue virus 1 isolate SGEHI(D1)09119Y13, complete genome",DENV-1,,,2013,Homo sapiens,10714.0,True,,,legacy
KM403586.1,"Dengue virus 1 isolate SGEHI(D1)45409Y13, complete genome",DENV-1,,,2013,Homo sapiens,10649.0,True,,,legacy
KM403585.1,"Dengue virus 1 isolate SGEHI(D1)14150Y13, complete genome",DENV-1,,,2013,Homo sapiens,10669.0,True,,,legacy
KM403584.1,"Dengue virus 1 isolate SGEHI(D1)05722Y13, complete genome",DENV-1,,,2013,Homo sapiens,10714.0,True,,,legacy
KM403583.1,"Dengue virus 1 isolate SGEHI(D1)52819Y13, complete genome",DENV-1,,,2013,Homo sapiens,10714.0,True,,,legacy
KM403582.1,"Dengue virus 1 isolate SGEHI(D1)46142Y13, complete genome",DENV-1,,,2013,Homo sapiens,10714.0,True,,,legacy
KM403581.1,"Dengue virus 1 isolate SGEHI(D1)19711Y13, complete genome",DENV-1,,,2013,Homo sapiens,10714.0,True,,,legacy
KM403580.1,"Dengue virus 1 isolate SGEHI(D1)07074Y13, complete genome",DENV-1,,,2013,Homo sapiens,10627.0,True,,,legacy
KM403579.1,"Dengue virus 1 isolate SGEHI(D1)52901Y13, complete genome",DENV-1,,,2013,Homo sapiens,10714.0,True,,,legacy
KM403578.1,"Dengue virus 1 isolate SGEHI(D1)05022Y13, complete genome",DENV-1,,,2013,Homo sapiens,10714.0,True,,,legacy
KM403577.1,"Dengue virus 1 isolate SGEHI(D1)47999Y13, complete genome",DENV-1,,,2013,Homo sapiens,10714.0,True,,,legacy
KM403576.1,"Dengue virus 1 isolate SGEHI(D1)40519Y13, complete genome",DENV-1,,,2013,Homo sapiens,10665.0,True,,,legacy
KM403575.1,"Dengue virus 1 isolate SGEHI(D1)44259Y12, complete genome",DENV-1,,,2012,Homo sapiens,10714.0,True,,,legacy
KU050695.1,"Dengue virus 3, complete genome",DENV-3,,,1956,Homo sapiens,10696.0,True,,,legacy
KM204119.1,"Dengue virus 1 strain Hawaii, complete genome",DENV-1,,,1944,Homo sapiens,10736.0,True,,,legacy
EU359008.1,"Dengue virus 1 isolate ZH1067, complete genome",DENV-1,,,,Homo sapiens,10735.0,True,,,legacy
KU216209.1,"Dengue virus type 3 isolate Rajasthan.India/Balotra 87-s/2013, complete genome",DENV-3,,,2013,Homo sapiens,10674.0,True,,,legacy
KU216208.1,"Dengue virus type 3 isolate Rajasthan.India/DMRC/Balotra87/2013, complete genome",DENV-3,,,2013,Homo sapiens,10672.0,True,,,legacy
KR024708.1,"Dengue virus type 1 isolate Wenzhou-Human-1, complete genome",DENV-1,,,2014,Homo sapiens,10703.0,True,,,legacy
KR024707.1,"Dengue virus type 1 isolate Wuhan-Human-3, complete genome",DENV-1,,,2014,Homo sapiens,10703.0,True,,,legacy
KR024706.1,"Dengue virus type 1 isolate Wuhan-Human-2, complete genome",DENV-1,,,2014,Homo sapiens,10703.0,True,,,legacy
KR024705.1,"Dengue virus type 1 isolate Wuhan-Human-1, complete genome",DENV-1,,,2014,Homo sapiens,10703.0,True,,,legacy
LC069810.1,"Dengue virus 4 genomic RNA, complete genome, strain: D4/Hu/India/NIID48/2009",DENV-4,,,2015,Homo sapiens,10623.0,True,,,legacy
KP406806.1,"Dengue virus type 4 isolate DENV-4/KBPV-VR-31, complete genome",DENV-4,,,,,10664.0,True,,,legacy
KP406805.1,"Dengue virus type 3 isolate DENV-3/KBPV-VR-30, complete genome",DENV-3,,,,,10696.0,True,,,legacy
KP406803.1,"Dengue virus type 1 isolate DenKor-07, complete genome",DENV-1,,,2006,Homo sapiens,10734.0,True,,,legacy
KP406802.1,"Dengue virus type 1 isolate DenKor-02, complete genome",DENV-1,,,2005,Homo sapiens,10735.0,True,,,legacy
KP406801.1,"Dengue virus type 1 isolate DenKor-01, complete genome",DENV-1,,,2004,Homo sapiens,10736.0,True,,,legacy
KT187564.1,"Dengue virus type 1 isolate DENV1/CN/GZDF716/2014, complete genome",DENV-1,,,2014,Homo sapiens,10735.0,True,,,legacy
KT187563.1,"Dengue virus type 1 isolate DENV1/CN/GZDF696/2014, complete genome",DENV-1,,,2014,Homo sapiens,10714.0,True,,,legacy
KT187562.1,"Dengue virus type 1 isolate DENV1/CN/GZDF982/2014, complete genome",DENV-1,,,2014,Homo sapiens,10714.0,True,,,legacy
KT187561.1,"Dengue virus type 1 isolate DENV1/CN/GZDF876/2014, complete genome",DENV-1,,,2014,Homo sapiens,10714.0,True,,,legacy
KT187560.1,"Dengue virus type 1 isolate DENV1/CN/GZDF874/2014, complete genome",DENV-1,,,2014,Homo sapiens,10714.0,True,,,legacy
KT187559.1,"Dengue virus type 1 isolate DENV1/CN/GZDF780/2014, complete genome",DENV-1,,,2014,Homo sapiens,10714.0,True,,,legacy
KT187558.1,"Dengue virus type 2 isolate DENV2/CN/GZ1118/2014, complete genome",DENV-2,,,2014,Homo sapiens,10723.0,True,,,legacy
KT187557.1,"Dengue virus type 2 isolate DENV2/CN/GZDF615/2014, complete genome",DENV-2,,,2014,Homo sapiens,10723.0,True,,,legacy
KT187556.1,"Dengue virus type 2 isolate DENV2/CN/GZDF595/2014, complete genome",DENV-2,,,2014,Homo sapiens,10723.0,True,,,legacy
KT187555.1,"Dengue virus type 2 isolate DENV2/CN/GZDF574/2014, complete genome",DENV-2,,,2014,Homo sapiens,10723.0,True,,,legacy
KT187554.1,"Dengue virus type 2 isolate DENV2/CN/GZDF571/2014, complete genome",DENV-2,,,2014,Homo sapiens,10723.0,True,,,legacy
KT187553.1,"Dengue virus type 2 isolate DENV2/CN/GZDF31241/2014, complete genome",DENV-2,,,2014,Homo sapiens,10723.0,True,,,legacy
KM217158.1,"Dengue virus 2 isolate D2/Pk/Swat-01, complete genome",DENV-2,,,2013,Homo sapiens,10656.0,True,,,legacy
KM217157.1,"Dengue virus 2 isolate D2/Pk/A1/2011, complete genome",DENV-2,,,2011,Homo sapiens,10656.0,True,,,legacy
KM217156.1,"Dengue virus 2 isolate D2/Pk/A2/2011, complete genome",DENV-2,,,2011,Homo sapiens,10656.0,True,,,legacy
KT276273.1,"Dengue virus type 4 strain Haiti/0324/2014, complete genome",DENV-4,,,2014,Homo sapiens,10649.0,True,,,legacy
KR296744.1,"Dengue virus type 3 strain YNSW2, complete genome",DENV-3,,,2013,,10702.0,True,,,legacy
KR296743.1,"Dengue virus type 3 strain YNSW1, complete genome",DENV-3,,,2013,,10710.0,True,,,legacy
KJ010186.1,"Dengue virus 2 isolate DENV-2/PK/2013, complete genome",DENV-2,,,2013,Homo sapiens,10629.0,True,,,legacy
KJ010185.1,"Dengue virus 2 isolate DENV-2/PK/2011, complete genome",DENV-2,,,2011,Homo sapiens,10629.0,True,,,legacy
KF360005.1,"Dengue virus 2 isolate DENV-2/PK, complete genome",DENV-2,,,2010,Homo sapiens,10629.0,True,,,legacy
KF289073.1,"Dengue virus 1 isolate P23086, complete genome",DENV-1,,,1956,Homo sapiens,10690.0,True,,,legacy
KR028435.1,"Dengue virus 1 isolate DENV-1/GZ/ZW-0802/2014, partial genome",DENV-1,,,2014,Homo sapiens,10672.0,False,,,legacy
KP723482.1,"Dengue virus 4 isolate DENV4/CN/GZ29/2010, complete genome",DENV-4,,,2010,Homo sapiens,10653.0,True,,,legacy
KP723479.1,"Dengue virus 2 isolate DENV2/CN/GZ32/2010, complete genome",DENV-2,,,2010,Homo sapiens,10723.0,True,,,legacy
JQ686088.2,"Dengue virus 2 strain JHA1, partial genome",DENV-2,,,,Homo sapiens,10393.0,False,,,legacy
KJ701507.1,"Dengue virus 2 isolate DENV-2/Pk/Swat-02, complete genome",DENV-2,,,2013,Homo sapiens,10656.0,True,,,legacy
KP686070.1,"Dengue virus 1 isolate ww2014, complete genome",DENV-1,,,2014,Homo sapiens,10670.0,True,,,legacy
KC762699.1,"Dengue virus 4 isolate MKS-2139, complete genome",DENV-4,,,2008,Homo sapiens,10641.0,True,,,legacy
KC762698.1,"Dengue virus 4 isolate MKS-2007, complete genome",DENV-4,,,2008,Homo sapiens,10653.0,True,,,legacy
KC762697.1,"Dengue virus 4 isolate MKS-0706, complete genome",DENV-4,,,2007,Homo sapiens,10653.0,True,,,legacy
KC762696.1,"Dengue virus 4 isolate MKS-0252, complete genome",DENV-4,,,2007,Homo sapiens,10653.0,True,,,legacy
KC762695.1,"Dengue virus 4 isolate MKS-0070, complete genome",DENV-4,,,2007,Homo sapiens,10619.0,True,,,legacy
KC762694.1,"Dengue virus 4 isolate MKS-0033, complete genome",DENV-4,,,2007,Homo sapiens,10636.0,True,,,legacy
KC762693.1,"Dengue virus 3 isolate MKS-WS79b, complete genome",DENV-3,,,2010,Homo sapiens,10707.0,True,,,legacy
KC762692.1,"Dengue virus 3 isolate MKS-WS78, complete genome",DENV-3,,,2010,Homo sapiens,10707.0,True,,,legacy
KC762691.1,"Dengue virus 3 isolate MKS-IF058, complete genome",DENV-3,,,2008,Homo sapiens,10707.0,True,,,legacy
KC762690.1,"Dengue virus 3 isolate MKS-3000, complete genome",DENV-3,,,2008,Homo sapiens,10709.0,True,,,legacy
KC762689.1,"Dengue virus 3 isolate MKS-2065, complete genome",DENV-3,,,2008,Homo sapiens,10707.0,True,,,legacy
KC762688.1,"Dengue virus 3 isolate MKS-2006, complete genome",DENV-3,,,2008,Homo sapiens,10707.0,True,,,legacy
KC762687.1,"Dengue virus 3 isolate MKS-0396, complete genome",DENV-3,,,2008,Homo sapiens,10707.0,True,,,legacy
KC762686.1,"Dengue virus 3 isolate MKS-0172, complete genome",DENV-3,,,2007,Homo sapiens,10707.0,True,,,legacy
KC762685.1,"Dengue virus 3 isolate MKS-0388, complete genome",DENV-3,,,2008,Homo sapiens,10707.0,True,,,legacy
KC762684.1,"Dengue virus 3 isolate MKS-0098, complete genome",DENV-3,,,2007,Homo sapiens,10698.0,True,,,legacy
KC762683.1,"Dengue virus 3 isolate MKS-0079, complete genome",DENV-3,,,2007,Homo sapiens,10707.0,True,,,legacy
KC762682.1,"Dengue virus 3 isolate MKS-0076, complete genome",DENV-3,,,2007,Homo sapiens,10707.0,True,,,legacy
KC762681.1,"Dengue virus 3 isolate MKS-0057, complete genome",DENV-3,,,2007,Homo sapiens,10707.0,True,,,legacy
KC762654.1,"Dengue virus 1 isolate MKS-0077, complete genome",DENV-1,,,2007,Homo sapiens,10735.0,True,,,legacy
KC762653.1,"Dengue virus 1 isolate MKS-0486, complete genome",DENV-1,,,2008,Homo sapiens,10735.0,True,,,legacy
KC762652.1,"Dengue virus 1 isolate MKS-1001, complete genome",DENV-1,,,2008,Homo sapiens,10735.0,True,,,legacy
KC762651.1,"Dengue virus 1 isolate MKS-0483, complete genome",DENV-1,,,2007,Homo sapiens,10735.0,True,,,legacy
KC762650.1,"Dengue virus 1 isolate MKS-0109, complete genome",DENV-1,,,2007,Homo sapiens,10735.0,True,,,legacy
KC762649.1,"Dengue virus 1 isolate MKS-0055, complete genome",DENV-1,,,2007,Homo sapiens,10735.0,True,,,legacy
KC762648.1,"Dengue virus 1 isolate MKS-2194, complete genome",DENV-1,,,2008,Homo sapiens,10735.0,True,,,legacy
KC762647.1,"Dengue virus 1 isolate MKS-WS72, complete genome",DENV-1,,,2010,Homo sapiens,10735.0,True,,,legacy
KC762646.1,"Dengue virus 1 isolate MKS-0344, complete genome",DENV-1,,,2007,Homo sapiens,10735.0,True,,,legacy
KC762645.1,"Dengue virus 1 isolate MKS-2040, complete genome",DENV-1,,,2008,Homo sapiens,10735.0,True,,,legacy
KC762644.1,"Dengue virus 1 isolate MKS-2094, complete genome",DENV-1,,,2008,Homo sapiens,10735.0,True,,,legacy
KC762643.1,"Dengue virus 1 isolate MKS-0398, complete genome",DENV-1,,,2008,Homo sapiens,10735.0,True,,,legacy
KC762642.1,"Dengue virus 1 isolate MKS-WS88, complete genome",DENV-1,,,2010,Homo sapiens,10735.0,True,,,legacy
KC762641.1,"Dengue virus 1 isolate MKS-2147, complete genome",DENV-1,,,2008,Homo sapiens,10735.0,True,,,legacy
KC762640.1,"Dengue virus 1 isolate MKS-2029, complete genome",DENV-1,,,2008,Homo sapiens,10735.0,True,,,legacy
KC762639.1,"Dengue virus 1 isolate MKS-WS81, complete genome",DENV-1,,,2010,Homo sapiens,10735.0,True,,,legacy
KC762638.1,"Dengue virus 1 isolate MKS-2004, complete genome",DENV-1,,,2008,Homo sapiens,10735.0,True,,,legacy
KC762637.1,"Dengue virus 1 isolate MKS-0352, complete genome",DENV-1,,,2007,Homo sapiens,10735.0,True,,,legacy
KC762636.1,"Dengue virus 1 isolate MKS-0080, complete genome",DENV-1,,,2007,Homo sapiens,10735.0,True,,,legacy
KC762635.1,"Dengue virus 1 isolate MKS-0088, complete genome",DENV-1,,,2007,Homo sapiens,10735.0,True,,,legacy
KC762634.1,"Dengue virus 1 isolate MKS-2201, complete genome",DENV-1,,,2008,Homo sapiens,10735.0,True,,,legacy
KC762633.1,"Dengue virus 1 isolate MKS-2216, complete genome",DENV-1,,,2008,Homo sapiens,10735.0,True,,,legacy
KC762632.1,"Dengue virus 1 isolate MKS-0248, complete genome",DENV-1,,,2007,Homo sapiens,10735.0,True,,,legacy
KC762631.1,"Dengue virus 1 isolate MKS-0395, complete genome",DENV-1,,,2008,Homo sapiens,10735.0,True,,,legacy
KC762630.1,"Dengue virus 1 isolate MKS-2097, complete genome",DENV-1,,,2008,Homo sapiens,10735.0,True,,,legacy
KC762629.1,"Dengue virus 1 isolate MKS-IF039, complete genome",DENV-1,,,2008,Homo sapiens,10735.0,True,,,legacy
KC762628.1,"Dengue virus 1 isolate MKS-2058, complete genome",DENV-1,,,2008,Homo sapiens,10735.0,True,,,legacy
KC762627.1,"Dengue virus 1 isolate MKS-IF062, complete genome",DENV-1,,,2008,Homo sapiens,10735.0,True,,,legacy
KC762626.1,"Dengue virus 1 isolate MKS-2138, complete genome",DENV-1,,,2008,Homo sapiens,10735.0,True,,,legacy
KC762625.1,"Dengue virus 1 isolate MKS-0056, complete genome",DENV-1,,,2007,Homo sapiens,10735.0,True,,,legacy
KC762624.1,"Dengue virus 1 isolate MKS-2082, complete genome",DENV-1,,,2008,Homo sapiens,10735.0,True,,,legacy
KC762623.1,"Dengue virus 1 isolate MKS-0206, complete genome",DENV-1,,,2007,Homo sapiens,10735.0,True,,,legacy
KC762622.1,"Dengue virus 1 isolate MKS-2200, complete genome",DENV-1,,,2008,Homo sapiens,10735.0,True,,,legacy
KC762621.1,"Dengue virus 1 isolate MKS-0397, complete genome",DENV-1,,,2008,Homo sapiens,10735.0,True,,,legacy
KC762620.1,"Dengue virus 1 isolate MKS-0390, complete genome",DENV-1,,,2007,Homo sapiens,10735.0,True,,,legacy
KR779782.1,"Dengue virus 2 isolate SG(EHI)D2/0466Y07, complete genome",DENV-2,,,2007,Homo sapiens,10723.0,True,,,legacy
KM190937.1,"Dengue virus 3 isolate VIROAF7, complete genome",DENV-3,,,1964,Homo sapiens,10267.0,True,,,legacy
KM190936.1,"Dengue virus 4 isolate VIROAF8, complete genome",DENV-4,,,2006,Homo sapiens,10592.0,True,,,legacy
KR071622.1,"Dengue virus strain Hb25/CHN/2014, complete genome",,,,2014,,10715.0,True,,,legacy
KF479233.1,"Dengue virus 2 strain QHD13CAIQ, complete genome",DENV-2,,,2013,Homo sapiens,10723.0,True,,,legacy
AB479042.1,"Dengue virus 2 genomic RNA, nearly complete genome, isolate: VNHCM18-K/02",DENV-2,,,2002,,10647.0,True,,,legacy
AB479041.1,"Dengue virus 2 genomic RNA, nearly complete genome, isolate: VNHCM18-C/02",DENV-2,,,2002,,10647.0,True,,,legacy
KP772252.1,"Dengue virus strain Hb22/CHN/2014, complete genome",,,,2014,,10735.0,True,,,legacy
KJ737430.1,"Dengue virus 3 strain D83-144, complete genome",DENV-3,,,1983,Homo sapiens,10707.0,True,,,legacy
KJ737429.1,"Dengue virus 3 strain C0360/94, complete genome",DENV-3,,,1994,Homo sapiens,10707.0,True,,,legacy
KP398852.1,"Dengue virus 1 isolate DK87, complete genome",DENV-1,,,2014,Homo sapiens,10735.0,True,,,legacy
KM279610.1,"Dengue virus 2 isolate SG(EHI)D284666Y10, partial genome",DENV-2,,,2010,Homo sapiens,10176.0,False,,,legacy
KM279609.1,"Dengue virus 2 isolate SG(EHI)D2847Y09, partial genome",DENV-2,,,2009,Homo sapiens,10176.0,False,,,legacy
KM279608.1,"Dengue virus 2 isolate SG(EHI)D219211Y10, partial genome",DENV-2,,,2010,Homo sapiens,10176.0,False,,,legacy
KM279607.1,"Dengue virus 2 isolate SG(EHI)D286998Y10, partial genome",DENV-2,,,2010,Homo sapiens,10176.0,False,,,legacy
KM279606.1,"Dengue virus 2 isolate SG(EHI)D291527Y10, partial genome",DENV-2,,,2010,Homo sapiens,10176.0,False,,,legacy
KM279605.1,"Dengue virus 2 isolate SG(EHI)D2276Y09, partial genome",DENV-2,,,2009,Homo sapiens,10176.0,False,,,legacy
KM279604.1,"Dengue virus 2 isolate SG(EHI)D21158Y08, partial genome",DENV-2,,,2008,Homo sapiens,10176.0,False,,,legacy
KM279603.1,"Dengue virus 2 isolate SG(EHI)D20304Y07, partial genome",DENV-2,,,2007,Homo sapiens,10176.0,False,,,legacy
KM279602.1,"Dengue virus 2 isolate SG(EHI)D20074Y08, partial genome",DENV-2,,,2008,Homo sapiens,10176.0,False,,,legacy
KM279601.1,"Dengue virus 2 isolate E1439Y12, complete genome",DENV-2,,,2012,Homo sapiens,10723.0,True,,,legacy
KM279600.1,"Dengue virus 2 isolate E1432Y12, complete genome",DENV-2,,,2012,Homo sapiens,10723.0,True,,,legacy
KM279599.1,"Dengue virus 2 isolate E1429Y12, complete genome",DENV-2,,,2012,Homo sapiens,10723.0,True,,,legacy
KM279598.1,"Dengue virus 2 isolate E1379Y12, complete genome",DENV-2,,,2012,Homo sapiens,10723.0,True,,,legacy
KM279597.1,"Dengue virus 2 isolate DC719Y12, complete genome",DENV-2,,,2012,Homo sapiens,10723.0,True,,,legacy
KM279596.1,"Dengue virus 2 isolate DC849Y12, partial genome",DENV-2,,,2012,Homo sapiens,10682.0,False,,,legacy
KM279595.1,"Dengue virus 2 isolate DC792Y12, complete genome",DENV-2,,,2012,Homo sapiens,10723.0,True,,,legacy
KM279594.1,"Dengue virus 2 isolate DC771Y12, complete genome",DENV-2,,,2012,Homo sapiens,10723.0,True,,,legacy
KM279593.1,"Dengue virus 2 isolate DC759Y12, complete genome",DENV-2,,,2012,Homo sapiens,10723.0,True,,,legacy
KM279592.1,"Dengue virus 2 isolate DC720Y12, complete genome",DENV-2,,,2012,Homo sapiens,10723.0,True,,,legacy
KM279591.1,"Dengue virus 2 isolate DC716Y12, complete genome",DENV-2,,,2012,Homo sapiens,10723.0,True,,,legacy
KM279590.1,"Dengue virus 2 isolate DC688Y12, complete genome",DENV-2,,,2012,Homo sapiens,10723.0,True,,,legacy
KM279589.1,"Dengue virus 2 isolate DC666Y12, partial genome",DENV-2,,,2012,Homo sapiens,10675.0,False,,,legacy
KM279588.1,"Dengue virus 2 isolate DC636Y12, complete genome",DENV-2,,,2012,Homo sapiens,10723.0,True,,,legacy
KM279587.1,"Dengue virus 2 isolate DC596Y12, complete genome",DENV-2,,,2012,Homo sapiens,10723.0,True,,,legacy
KM279586.1,"Dengue virus 2 isolate DC427Y11, complete genome",DENV-2,,,2011,Homo sapiens,10723.0,True,,,legacy
KM279585.1,"Dengue virus 2 isolate DC412Y11, partial genome",DENV-2,,,2011,Homo sapiens,10273.0,False,,,legacy
KM279584.1,"Dengue virus 2 isolate DC410Y11, partial genome",DENV-2,,,2011,Homo sapiens,10634.0,False,,,legacy
KM279583.1,"Dengue virus 2 isolate DC408Y11, partial genome",DENV-2,,,2011,Homo sapiens,10695.0,False,,,legacy
KM279582.1,"Dengue virus 2 isolate DC389Y11, complete genome",DENV-2,,,2011,Homo sapiens,10723.0,True,,,legacy
KM279581.1,"Dengue virus 2 isolate DC380Y11, complete genome",DENV-2,,,2011,Homo sapiens,10723.0,True,,,legacy
KM279580.1,"Dengue virus 2 isolate E1519Y13, partial genome",DENV-2,,,2013,Homo sapiens,10322.0,False,,,legacy
KM279579.1,"Dengue virus 2 isolate E1502Y12, complete genome",DENV-2,,,2012,Homo sapiens,10723.0,True,,,legacy
KM279578.1,"Dengue virus 2 isolate E1436Y12, complete genome",DENV-2,,,2012,Homo sapiens,10723.0,True,,,legacy
KM279577.1,"Dengue virus 2 isolate E1434Y12, complete genome",DENV-2,,,2012,Homo sapiens,10723.0,True,,,legacy
KM279576.1,"Dengue virus 2 isolate E1433Y12, complete genome",DENV-2,,,2012,Homo sapiens,10723.0,True,,,legacy
KM279575.1,"Dengue virus 2 isolate DC827Y12, complete genome",DENV-2,,,2012,Homo sapiens,10723.0,True,,,legacy
KM279574.1,"Dengue virus 2 isolate DC802Y12, partial genome",DENV-2,,,2012,Homo sapiens,10322.0,False,,,legacy
KM279573.1,"Dengue virus 2 isolate DC796Y12, complete genome",DENV-2,,,2012,Homo sapiens,10723.0,True,,,legacy
KM279572.1,"Dengue virus 2 isolate DC795Y12, complete genome",DENV-2,,,2012,Homo sapiens,10723.0,True,,,legacy
KM279571.1,"Dengue virus 2 isolate DC648Y12, complete genome",DENV-2,,,2012,Homo sapiens,10723.0,True,,,legacy
KM279570.1,"Dengue virus 2 isolate DC848Y12, complete genome",DENV-2,,,2012,Homo sapiens,10723.0,True,,,legacy
KM279569.1,"Dengue virus 2 isolate DC814Y12, complete genome",DENV-2,,,2012,Homo sapiens,10723.0,True,,,legacy
KM279568.1,"Dengue virus 2 isolate DC812Y12, complete genome",DENV-2,,,2012,Homo sapiens,10723.0,True,,,legacy
KM279567.1,"Dengue virus 2 isolate DC811Y12, complete genome",DENV-2,,,2012,Homo sapiens,10723.0,True,,,legacy
KM279566.1,"Dengue virus 2 isolate DC793Y12, complete genome",DENV-2,,,2012,Homo sapiens,10723.0,True,,,legacy
KM279565.1,"Dengue virus 2 isolate DC790Y12, complete genome",DENV-2,,,2012,Homo sapiens,10723.0,True,,,legacy
KM279564.1,"Dengue virus 2 isolate DC786Y12, complete genome",DENV-2,,,2012,Homo sapiens,10723.0,True,,,legacy
KM279563.1,"Dengue virus 2 isolate DC766Y12, complete genome",DENV-2,,,2012,Homo sapiens,10723.0,True,,,legacy
KM279562.1,"Dengue virus 2 isolate DC763Y12, complete genome",DENV-2,,,2012,Homo sapiens,10723.0,True,,,legacy
KM279561.1,"Dengue virus 2 isolate DC756Y12, complete genome",DENV-2,,,2012,Homo sapiens,10723.0,True,,,legacy
KM279560.1,"Dengue virus 2 isolate DC740Y12, complete genome",DENV-2,,,2012,Homo sapiens,10723.0,True,,,legacy
KM279559.1,"Dengue virus 2 isolate DC735Y12, complete genome",DENV-2,,,2012,Homo sapiens,10723.0,True,,,legacy
KM279558.1,"Dengue virus 2 isolate DC730Y12, complete genome",DENV-2,,,2012,Homo sapiens,10723.0,True,,,legacy
KM279557.1,"Dengue virus 2 isolate DC710Y12, complete genome",DENV-2,,,2012,Homo sapiens,10724.0,True,,,legacy
KM279556.1,"Dengue virus 2 isolate DC704Y12, complete genome",DENV-2,,,2012,Homo sapiens,10723.0,True,,,legacy
KM279555.1,"Dengue virus 2 isolate DC694Y12, complete genome",DENV-2,,,2012,Homo sapiens,10723.0,True,,,legacy
KM279554.1,"Dengue virus 2 isolate DC687Y12, complete genome",DENV-2,,,2012,Homo sapiens,10723.0,True,,,legacy
KM279553.1,"Dengue virus 2 isolate DC677Y12, complete genome",DENV-2,,,2012,Homo sapiens,10723.0,True,,,legacy
KM279552.1,"Dengue virus 2 isolate DC673Y12, complete genome",DENV-2,,,2012,Homo sapiens,10723.0,True,,,legacy
KM279551.1,"Dengue virus 2 isolate DC669Y12, complete genome",DENV-2,,,2012,Homo sapiens,10723.0,True,,,legacy
KM279550.1,"Dengue virus 2 isolate DC663Y12, complete genome",DENV-2,,,2012,Homo sapiens,10723.0,True,,,legacy
KM279549.1,"Dengue virus 2 isolate DC661Y12, complete genome",DENV-2,,,2012,Homo sapiens,10723.0,True,,,legacy
KM279548.1,"Dengue virus 2 isolate DC657Y12, complete genome",DENV-2,,,2012,Homo sapiens,10723.0,True,,,legacy
KM279547.1,"Dengue virus 2 isolate DC655Y12, partial genome",DENV-2,,,2012,Homo sapiens,10670.0,False,,,legacy
KM279546.1,"Dengue virus 2 isolate DC654Y12, complete genome",DENV-2,,,2012,Homo sapiens,10723.0,True,,,legacy
KM279545.1,"Dengue virus 2 isolate DC652Y12, complete genome",DENV-2,,,2012,Homo sapiens,10723.0,True,,,legacy
KM279544.1,"Dengue virus 2 isolate DC649Y12, complete genome",DENV-2,,,2012,Homo sapiens,10723.0,True,,,legacy
KM279543.1,"Dengue virus 2 isolate DC645Y12, complete genome",DENV-2,,,2012,Homo sapiens,10723.0,True,,,legacy
KM279542.1,"Dengue virus 2 isolate DC644Y12, complete genome",DENV-2,,,2012,Homo sapiens,10723.0,True,,,legacy
KM279541.1,"Dengue virus 2 isolate DC643Y12, complete genome",DENV-2,,,2012,Homo sapiens,10723.0,True,,,legacy
KM279540.1,"Dengue virus 2 isolate DC642Y12, complete genome",DENV-2,,,2012,Homo sapiens,10723.0,True,,,legacy
KM279539.1,"Dengue virus 2 isolate DC641Y12, complete genome",DENV-2,,,2012,Homo sapiens,10723.0,True,,,legacy
KM279538.1,"Dengue virus 2 isolate DC639Y12, complete genome",DENV-2,,,2012,Homo sapiens,10723.0,True,,,legacy
KM279537.1,"Dengue virus 2 isolate DC635Y12, complete genome",DENV-2,,,2012,Homo sapiens,10723.0,True,,,legacy
KM279536.1,"Dengue virus 2 isolate DC629Y12, complete genome",DENV-2,,,2012,Homo sapiens,10723.0,True,,,legacy
KM279535.1,"Dengue virus 2 isolate DC621Y12, complete genome",DENV-2,,,2012,Homo sapiens,10723.0,True,,,legacy
KM279534.1,"Dengue virus 2 isolate DC620Y12, complete genome",DENV-2,,,2012,Homo sapiens,10723.0,True,,,legacy
KM279533.1,"Dengue virus 2 isolate DC619Y12, complete genome",DENV-2,,,2012,Homo sapiens,10723.0,True,,,legacy
KM279532.1,"Dengue virus 2 isolate DC618Y12, complete genome",DENV-2,,,2012,Homo sapiens,10723.0,True,,,legacy
KM279531.1,"Dengue virus 2 isolate DC610Y12, partial genome",DENV-2,,,2012,Homo sapiens,10695.0,False,,,legacy
KM279530.1,"Dengue virus 2 isolate DC597Y12, complete genome",DENV-2,,,2012,Homo sapiens,10723.0,True,,,legacy
KM279529.1,"Dengue virus 2 isolate DC592Y12, partial genome",DENV-2,,,2012,Homo sapiens,10700.0,False,,,legacy
KM279528.1,"Dengue virus 2 isolate DC589Y12, complete genome",DENV-2,,,2012,Homo sapiens,10723.0,True,,,legacy
KM279527.1,"Dengue virus 2 isolate DC505Y11, partial genome",DENV-2,,,2011,Homo sapiens,10687.0,False,,,legacy
KM279526.1,"Dengue virus 2 isolate DC430Y11, complete genome",DENV-2,,,2011,Homo sapiens,10723.0,True,,,legacy
KM279525.1,"Dengue virus 2 isolate DC429Y11, complete genome",DENV-2,,,2011,Homo sapiens,10723.0,True,,,legacy
KM279524.1,"Dengue virus 2 isolate DC415Y11, complete genome",DENV-2,,,2011,Homo sapiens,10723.0,True,,,legacy
KM279523.1,"Dengue virus 2 isolate DC403Y11, complete genome",DENV-2,,,2011,Homo sapiens,10723.0,True,,,legacy
KM279522.1,"Dengue virus 2 isolate DC395Y11, complete genome",DENV-2,,,2011,Homo sapiens,10723.0,True,,,legacy
KM279521.1,"Dengue virus 2 isolate DC391Y11, complete genome",DENV-2,,,2011,Homo sapiens,10723.0,True,,,legacy
KM279520.1,"Dengue virus 2 isolate DC378Y11, complete genome",DENV-2,,,2011,Homo sapiens,10723.0,True,,,legacy
KM279519.1,"Dengue virus 2 isolate DC367Y11, complete genome",DENV-2,,,2011,Homo sapiens,10723.0,True,,,legacy
KM279518.1,"Dengue virus 2 isolate DC357Y11, complete genome",DENV-2,,,2011,Homo sapiens,10723.0,True,,,legacy
KM279517.1,"Dengue virus 2 isolate DC353Y11, complete genome",DENV-2,,,2011,Homo sapiens,10723.0,True,,,legacy
KM279516.1,"Dengue virus 2 isolate DC348Y11, partial genome",DENV-2,,,2011,Homo sapiens,10670.0,False,,,legacy
KM279515.1,"Dengue virus 2 isolate DC331Y11, complete genome",DENV-2,,,2011,Homo sapiens,10723.0,True,,,legacy
KM279514.1,"Dengue virus 2 isolate DC316Y11, partial genome",DENV-2,,,2011,Homo sapiens,10679.0,False,,,legacy
KM279513.1,"Dengue virus 2 isolate DC311Y11, partial genome",DENV-2,,,2011,Homo sapiens,10663.0,False,,,legacy
KM587709.1,"Dengue virus 2 isolate GW6, complete genome",DENV-2,,,2014,,10713.0,True,,,legacy
KJ649286.1,"Dengue virus 1 isolate DENV-1-Jeddah, complete genome",DENV-1,,,2011,Homo sapiens,10622.0,True,,,legacy
